timestamp,loss,val_loss,grad_norm,learning_rate,train_val_gap,output_variance,effective_rank,representation_variance,collapse_score
step_0,16.03717803955078,41.04483413696289,9.384685243619183,0.5,25.00765609741211,4.618021011352539,1.6861274329641625,0.8362703925872813,0.5930749838059567
step_1,39.24073028564453,37.366390228271484,69.31810652261697,0.5,-1.8743400573730469,0.0004807779914699495,2.2826596173582683,0.0024681570234693557,0.4380854650406898
step_2,54.22712707519531,6.332941055297852,14.576554165188561,0.5,-47.89418601989746,0.0032015207689255476,1.0402719507001374,0.021290900302373985,0.9612870935594937
step_3,5.73829460144043,4.431839466094971,4.261023463726897,0.5,-1.306455135345459,0.002698509721085429,1.2695320334327613,0.0004996671828443336,0.7876918216045655
step_4,2.4000930786132812,4.859838485717773,0.7398377962084985,0.5,2.459745407104492,0.0117100290954113,1.0707472712226709,0.0043430391790068865,0.933927199140199
step_5,3.158395528793335,4.1734514236450195,1.868311700968857,0.5,1.0150558948516846,3.0771684578212444e-07,1.5398951097655367,1.200320570783418e-05,0.649394879987806
step_6,2.302536725997925,4.200439453125,0.20141251385211945,0.5,1.8979027271270752,3.0771684578212444e-07,1.5398951097655367,1.200320570783418e-05,0.649394879987806
step_7,2.6840384006500244,4.382768630981445,1.298884391784668,0.5,1.698730230331421,3.0771684578212444e-07,1.5398951097655367,1.200320570783418e-05,0.649394879987806
step_8,5.015013217926025,4.4174113273620605,1.9320982694625854,0.5,-0.5976018905639648,3.0771684578212444e-07,1.5398951097655367,1.200320570783418e-05,0.649394879987806
step_9,7.017035484313965,4.1713762283325195,1.1421977281570435,0.5,-2.8456592559814453,3.0771684578212444e-07,1.5398951097655367,1.200320570783418e-05,0.649394879987806
step_10,6.2289276123046875,4.4193434715271,1.1460472345352173,0.5,-1.809584140777588,3.0771684578212444e-07,1.5398951097655367,1.200320570783418e-05,0.649394879987806
step_11,5.191077709197998,4.792440891265869,2.588143825531006,0.5,-0.3986368179321289,3.0771684578212444e-07,1.5398951097655367,1.200320570783418e-05,0.649394879987806
step_12,5.497467041015625,4.174316883087158,1.7597144842147827,0.5,-1.3231501579284668,3.077167889387056e-07,1.5398951097655367,1.200320570783418e-05,0.649394879987806
step_13,3.5533385276794434,4.174288749694824,0.06071412900950585,0.5,0.6209502220153809,7.137512625376985e-07,1.7773947835430741,1.572926120755358e-05,0.5626212078819042
step_14,4.514902114868164,4.201548099517822,0.20522279022925735,0.5,-0.3133540153503418,1.5645013036191813e-06,1.7402229741686486,2.8843123361275372e-05,0.5746390059456186
step_15,4.718420028686523,4.195624828338623,0.05939988212287672,0.5,-0.5227952003479004,1.0320563887944445e-06,1.8956686431521652,2.2067595995157358e-05,0.5275183527523961
step_16,2.7034683227539062,4.245707988739014,0.22006437182426453,0.5,1.5422396659851074,1.0320563887944445e-06,1.8956686431521652,2.2067595995157358e-05,0.5275183527523961
step_17,4.818075656890869,4.311479091644287,0.19804024696350098,0.5,-0.506596565246582,1.0320563887944445e-06,1.8956686431521652,2.2067595995157358e-05,0.5275183527523961
step_18,4.4675188064575195,4.959257125854492,2.5447134971618652,0.5,0.49173831939697266,1.0320563887944445e-06,1.8956686431521652,2.2067595995157358e-05,0.5275183527523961
step_19,7.530551433563232,4.400327205657959,2.7499406337738037,0.5,-3.1302242279052734,1.0320563887944445e-06,1.8956686431521652,2.2067595995157358e-05,0.5275183527523961
step_20,5.0652313232421875,4.2154011726379395,0.5218524509652617,0.5,-0.849830150604248,3.189664994351915e-06,1.5771051285786588,4.641746330915561e-05,0.6340731393735523
step_21,2.395909309387207,4.240528583526611,1.010625510952155,0.5,1.8446192741394043,1.2739683370455168e-05,1.2921742259190536,0.00011404425991574662,0.7738894492255903
step_22,5.041037082672119,4.309946060180664,1.3631734395432527,0.5,-0.7310910224914551,0.00015520182205364108,1.1013904152548746,0.00042090757822190025,0.9079432562236238
step_23,7.191030979156494,5.366152286529541,1.4068479537963867,0.5,-1.8248786926269531,0.00015520189481321722,1.1013904152548746,0.00042090757822190025,0.9079432562236238
step_24,6.613836288452148,4.226511001586914,2.7968710400577703,0.5,-2.3873252868652344,0.00034481455804780126,1.0786111391219015,0.0005507367071852476,0.9271181834948423
step_25,3.404582977294922,4.2357497215271,0.03093874454498291,0.5,0.8311667442321777,0.00034481441252864897,1.0786111391219015,0.0005507367071852476,0.9271181834948423
step_26,2.287395715713501,5.652977466583252,1.9500467457222819,0.5,3.365581750869751,0.0038141258992254734,1.021866393771173,0.002514431016544636,0.978601513950884
step_27,5.087400913238525,4.104245185852051,1.7931725424591352,0.5,-0.9831557273864746,0.017207182943820953,1.0075464286605347,0.009781980687603189,0.9925100933854064
step_28,3.0566670894622803,3.6640288829803467,1.477628868044366,0.5,0.6073617935180664,0.6512455344200134,1.0010005832430715,0.08353497139072967,0.9990004169230053
step_29,3.7404890060424805,3.7000784873962402,1.299489999430269,0.5,-0.040410518646240234,1.6455457210540771,1.0007465826061768,0.12843037138153712,0.9992539743635871
step_30,2.699828624725342,5.0470476150512695,4.511134719901709,0.5,2.3472189903259277,0.014371358789503574,1.0073895117035663,0.006204784180498598,0.992664692636049
step_31,3.812030553817749,3.288886308670044,1.9716031674389511,0.5,-0.5231442451477051,0.570117712020874,1.0010887445235759,0.07398010294602686,0.998912439551906
step_32,3.1335222721099854,12.364745140075684,2.59068213285393,0.5,9.231222867965698,9.906250953674316,1.0003310554849367,0.3421031473968518,0.9996690540765265
step_33,11.276712417602539,12.613603591918945,25.66109609953522,0.5,1.3368911743164062,7.112364386330228e-08,1.0256280155363526,2.0518696560150563e-06,0.9750123678876396
step_34,3.686638593673706,5.9598469734191895,3.1344480514526367,0.5,2.2732083797454834,7.112284805543823e-08,1.0256280155363526,2.0518696560150563e-06,0.9750123678876396
step_35,5.590641021728516,4.366312503814697,3.5728617486272674,0.5,-1.2243285179138184,3.924458837900602e-07,1.0019222527325011,4.013320689414059e-05,0.9980814352338631
step_36,4.04419469833374,4.41146993637085,1.8851516650049016,0.5,0.3672752380371094,1.2516468359535793e-06,1.0011520020323113,7.121242111961945e-05,0.9988493235492985
step_37,2.6263132095336914,4.388854503631592,0.04677391052246094,0.5,1.7625412940979004,1.2516468359535793e-06,1.0011520020323113,7.121242111961945e-05,0.9988493235492985
step_38,7.726779937744141,4.168639183044434,1.0412174905750617,0.5,-3.558140754699707,1.2385596619424177e-06,1.0011614119620131,7.061226614956068e-05,0.998839935350947
step_39,1.3080401420593262,4.3383378982543945,0.7322667938826405,0.5,3.0302977561950684,6.264422722779273e-07,1.0017359697715682,4.502775646292836e-05,0.9982670385970426
step_40,5.3280229568481445,4.272463798522949,0.1778964400291443,0.5,-1.0555591583251953,6.264424996516027e-07,1.0017359697715682,4.502775646292836e-05,0.9982670385970426
step_41,3.230705738067627,4.91815185546875,1.082665441637194,0.5,1.687446117401123,3.440900400164537e-07,1.0025637082833105,2.906616395434129e-05,0.9974428475097105
step_42,6.220775604248047,4.28353214263916,1.049533445853904,0.5,-1.9372434616088867,6.4981037439793e-07,1.0017964582870351,4.3324890873297286e-05,0.9982067631880962
step_43,5.6322150230407715,4.208107948303223,1.1009245317478837,0.5,-1.4241070747375488,1.2714112926914822e-05,1.000441377297536,0.00020712645111005797,0.9995588174304343
step_44,1.82289719581604,4.4472432136535645,0.6495946364111307,0.5,2.6243460178375244,6.016609404468909e-06,1.0007052843287687,0.0001258290324856215,0.9992952127466362
step_45,3.6501007080078125,4.838196277618408,0.5791339874267578,0.5,1.1880955696105957,6.016608949721558e-06,1.0007052843287687,0.0001258290324856215,0.9992952127466362
step_46,2.4776570796966553,4.289594650268555,0.9397438054239086,0.5,1.8119375705718994,8.646229980513453e-05,1.0001684159784308,0.0006122316121201089,0.9998316123807349
step_47,4.54258394241333,4.453469276428223,0.3681327519525399,0.5,-0.08911466598510742,7.346293568843976e-05,1.000187396692471,0.0005545719713882046,0.9998126384184697
step_48,2.3355367183685303,4.350980758666992,0.23476055640172266,0.5,2.015444040298462,0.00029842479852959514,1.0001023849250354,0.001075311108437338,0.9998976255565643
step_49,2.844087600708008,4.175102233886719,0.7051847543656086,0.5,1.331014633178711,0.002962981816381216,1.0000305457798067,0.004014274647797676,0.9999694551532095
step_50,6.686880111694336,4.97318696975708,2.008982192405338,0.5,-1.7136931419372559,0.001988933887332678,1.0000413518478235,0.002894127807068593,0.9999586498620812
step_51,4.870754241943359,4.241611957550049,1.2457321051590475,0.5,-0.6291422843933105,0.00026102137053385377,1.0001712465638448,0.000880312539003602,0.9998287827565198
step_52,4.472640514373779,4.843939781188965,1.1001835848142765,0.5,0.37129926681518555,0.0010586389107629657,1.000100325499137,0.0015796814202934794,0.9998996845650591
step_53,5.484585285186768,4.492020130157471,2.794737134431669,0.5,-0.9925651550292969,0.0002771877043414861,1.0003006969469985,0.0004468088796892965,0.999699393444475
step_54,4.04346227645874,4.1649346351623535,1.2529962062835693,0.5,0.12147235870361328,0.0002771877043414861,1.0003006969469985,0.0004468088796892965,0.999699393444475
step_55,7.563971996307373,4.830045700073242,1.5293549777078261,0.5,-2.733926296234131,0.0003518173471093178,1.0002662851175592,0.0005841819828597896,0.999733785771328
step_56,5.209237575531006,4.6094069480896,0.4314400613192534,0.5,-0.5998306274414062,0.0035681240260601044,1.0000573801566652,0.003136277146819082,0.9999426231356282
step_57,5.388181686401367,4.714282512664795,0.3093076247367956,0.5,-0.6738991737365723,0.0073429592885077,1.0000447008682019,0.0041213619839062495,0.9999553011298764
step_58,5.712681770324707,4.175786972045898,1.7778743560371355,0.5,-1.5368947982788086,0.009368865750730038,1.0000380109577443,0.004915764929514361,0.9999619904870337
step_59,4.9356913566589355,8.666248321533203,3.9928706490867674,0.5,3.7305569648742676,4.173193454742432,1.0000007440924699,0.35178060732138616,0.9999992559080838
step_60,12.806870460510254,9.903524398803711,26.36737766411032,0.5,-2.903346061706543,0.9793327450752258,1.0004858880144247,0.0006879046488959326,0.9995143479580816
step_61,8.832724571228027,6.303156852722168,3.308464288711548,0.5,-2.5295677185058594,0.9793327450752258,1.0004858880144247,0.0006879046488959326,0.9995143479580816
step_62,3.0296273231506348,6.285604476928711,0.9722491502761841,0.5,3.255977153778076,0.979332685470581,1.0004858880144247,0.0006879046488959326,0.9995143479580816
step_63,9.212798118591309,4.475470066070557,110.50646085255057,0.5,-4.737328052520752,0.23280403017997742,1.0144247146624026,0.0558959873842014,0.9857803990242853
step_64,4.381347179412842,2267.17333984375,5.209978773721231,0.5,2262.791992664337,1386.5723876953125,1.0,223.2184345082188,1.0
step_65,1756.0306396484375,550.2879638671875,4736.567380132321,0.5,-1205.74267578125,6.077745183574734e-06,1.0021069274684893,0.00023152142863261236,0.9978975023415797
step_66,558.4789428710938,4.210196018218994,47.15516662597656,0.5,-554.2687468528748,6.07747642789036e-06,1.0021069274684893,0.00023152142863261236,0.9978975023415797
step_67,3.1552364826202393,4.487875461578369,0.7203478159857987,0.5,1.3326389789581299,6.623930403293343e-06,1.106434405283902,0.00023642667536798395,0.9038041434940811
step_68,4.102889060974121,4.250496864318848,0.5545467734336853,0.5,0.14760780334472656,6.623929948545992e-06,1.106434405283902,0.00023642667536798395,0.9038041434940811
step_69,3.4714624881744385,4.351058006286621,1.578107106160798,0.5,0.8795955181121826,6.048944101166853e-07,1.0,4.933532800149517e-06,1.0
step_70,5.953038215637207,4.270359992980957,1.505338251677057,0.5,-1.68267822265625,5.371311090129893e-06,1.0,2.573463394264436e-05,1.0
step_71,3.1027722358703613,4.814337730407715,0.9654334783554077,0.5,1.7115654945373535,5.371311090129893e-06,1.0,2.573463394264436e-05,1.0
step_72,9.185209274291992,4.720003604888916,3.0974299907684326,0.5,-4.465205669403076,5.371311544877244e-06,1.0,2.573463394264436e-05,1.0
step_73,3.492152452468872,4.348149299621582,2.3399431705474854,0.5,0.85599684715271,5.371311090129893e-06,1.0,2.573463394264436e-05,1.0
step_74,3.7311277389526367,4.176831245422363,1.0528504496853563,0.5,0.44570350646972656,8.398921636398882e-06,1.0,3.9887511456962766e-05,1.0
step_75,5.238959789276123,4.237921237945557,0.7334528565406799,0.5,-1.0010385513305664,8.398921636398882e-06,1.0,3.9887511456962766e-05,1.0
step_76,7.632707118988037,4.494766712188721,1.678647518157959,0.5,-3.1379404067993164,8.398921636398882e-06,1.0,3.9887511456962766e-05,1.0
step_77,6.774914264678955,4.172487258911133,1.2959480285644531,0.5,-2.6024270057678223,8.398921636398882e-06,1.0,3.9887511456962766e-05,1.0
step_78,3.409636974334717,4.174022674560547,0.345374504644873,0.5,0.7643857002258301,8.31736033433117e-05,1.0,0.00021506654561245968,1.0
step_79,1.8724429607391357,4.199612617492676,0.5204892158508301,0.5,2.32716965675354,8.31736033433117e-05,1.0,0.00021506654561245968,1.0
step_80,8.20142936706543,4.49539041519165,1.503864049911499,0.5,-3.7060389518737793,8.31736033433117e-05,1.0,0.00021506654561245968,1.0
step_81,3.0037786960601807,4.300573348999023,0.415619432926178,0.5,1.2967946529388428,8.31736033433117e-05,1.0,0.00021506654561245968,1.0
step_82,3.9368467330932617,4.280783176422119,0.11500751584811861,0.5,0.3439364433288574,0.0002475532819516957,1.0,0.0005415927752555634,1.0
step_83,7.906188011169434,4.213642597198486,0.4679071516886935,0.5,-3.6925454139709473,0.017301034182310104,1.0,0.020565565093446488,1.0
step_84,3.129878044128418,6.141721248626709,1.1223972217597251,0.5,3.011843204498291,1.7093801498413086,1.0,0.4577883659538696,1.0
step_85,4.005447864532471,5.3659563064575195,3.311246405044945,0.5,1.3605084419250488,0.0011216462589800358,1.0014213400882215,0.002426160392745681,0.9985806772520982
step_86,4.582773208618164,4.6990766525268555,3.634458019131837,0.5,0.1163034439086914,0.0016570184379816055,1.0014774599252205,0.002876259846344292,0.9985247197422388
step_87,3.6962175369262695,4.366943836212158,0.5736856511315244,0.5,0.6707262992858887,0.0008876092615537345,1.0014388248370067,0.0023106999823103757,0.998563242405505
step_88,9.41008186340332,4.7810869216918945,2.4438908100128174,0.5,-4.628994941711426,0.0008876092615537345,1.0014388248370067,0.0023106999823103757,0.998563242405505
step_89,4.693618297576904,4.467599868774414,2.6555955345588464,0.5,-0.22601842880249023,0.005419227760285139,1.0012559736998305,0.005246796068545343,0.9987456017913287
step_90,3.0781326293945312,4.178262710571289,1.2730666651645577,0.5,1.1001300811767578,0.0018986823270097375,1.0013481590830586,0.003656497436886674,0.9986536560028301
step_91,1.916897177696228,4.19148588180542,0.11225675046443939,0.5,2.274588704109192,0.0018986823270097375,1.0013481590830586,0.003656497436886674,0.9986536560028301
step_92,3.160482406616211,4.18025016784668,0.09133192896842957,0.5,1.0197677612304688,0.0018986823270097375,1.0013481590830586,0.003656497436886674,0.9986536560028301
step_93,2.9413328170776367,4.2448883056640625,0.4077062834205708,0.5,1.3035554885864258,0.0053351703099906445,1.001325371943043,0.004713220164922363,0.9986763823426633
step_94,4.164059162139893,4.188992500305176,0.27471786737442017,0.5,0.024933338165283203,0.0053351703099906445,1.001325371943043,0.004713220164922363,0.9986763823426633
step_95,7.116509437561035,4.191833019256592,0.16843361800261936,0.5,-2.9246764183044434,0.01080570463091135,1.0013428353703508,0.00596891132925616,0.9986589654183183
step_96,6.4887542724609375,4.287652492523193,0.48683081587348415,0.5,-2.201101779937744,0.0253509059548378,1.0010089608349644,0.01097352175038364,0.9989920561409132
step_97,1.9338645935058594,4.224580764770508,0.3932825910215976,0.5,2.2907161712646484,0.055428408086299896,1.000992800244509,0.015739089166992123,0.9990081844302312
step_98,3.883577346801758,6.47689962387085,3.304641008377075,0.5,2.593322277069092,0.055428408086299896,1.000992800244509,0.015739089166992123,0.9990081844302312
step_99,9.61973762512207,4.182661056518555,3.6193218177400834,0.5,-5.437076568603516,1.4200512850948144e-05,1.0,5.9664609422830156e-05,1.0
step_100,2.6501030921936035,4.174355506896973,0.11287033940876089,0.5,1.5242524147033691,3.02269950225309e-06,1.0,1.6021012313274947e-05,1.0
step_101,4.487661361694336,6.788121223449707,3.4259793758392334,0.5,2.300459861755371,3.022728833457222e-06,1.0,1.6021012313274947e-05,1.0
step_102,4.926948547363281,4.239677906036377,2.6925765670826003,0.5,-0.6872706413269043,1.1945804544666316e-05,1.0,5.5933816681677025e-05,1.0
step_103,4.862113952636719,4.1655659675598145,0.4977591633796692,0.5,-0.6965479850769043,1.1945804544666316e-05,1.0,5.5933816681677025e-05,1.0
step_104,3.9666123390197754,4.232419490814209,0.5683281421661377,0.5,0.2658071517944336,1.1945804544666316e-05,1.0,5.5933816681677025e-05,1.0
step_105,4.8494791984558105,4.8229827880859375,1.1029348373413086,0.5,-0.026496410369873047,1.1945804544666316e-05,1.0,5.5933816681677025e-05,1.0
step_106,4.605264663696289,4.236656665802002,1.0868674516677856,0.5,-0.3686079978942871,1.1945804544666316e-05,1.0,5.5933816681677025e-05,1.0
step_107,3.786757707595825,4.177152633666992,0.7562577724456787,0.5,0.390394926071167,1.1945804544666316e-05,1.0,5.5933816681677025e-05,1.0
step_108,5.935726165771484,4.167638778686523,0.1174023449420929,0.5,-1.768087387084961,1.1945805454161018e-05,1.0,5.5933816681677025e-05,1.0
step_109,6.214757919311523,4.229012966156006,0.6095017194747925,0.5,-1.9857449531555176,1.1945804544666316e-05,1.0,5.5933816681677025e-05,1.0
step_110,4.665682792663574,5.311094760894775,1.635004997253418,0.5,0.6454119682312012,1.1945920050493442e-05,1.0,5.5933816681677025e-05,1.0
step_111,7.065916061401367,4.2025370597839355,1.7534923553466797,0.5,-2.8633790016174316,1.1945805454161018e-05,1.0,5.5933816681677025e-05,1.0
step_112,4.015875339508057,4.468626976013184,1.4897582530975342,0.5,0.45275163650512695,1.1945804544666316e-05,1.0,5.5933816681677025e-05,1.0
step_113,3.1847164630889893,4.2739667892456055,1.7624032497406006,0.5,1.0892503261566162,1.1945805454161018e-05,1.0,5.5933816681677025e-05,1.0
step_114,3.629701852798462,4.983607292175293,1.149274468421936,0.5,1.353905439376831,1.1945805454161018e-05,1.0,5.5933816681677025e-05,1.0
step_115,4.947736740112305,4.166838645935059,1.7682428241258845,0.5,-0.7808980941772461,3.4459084474747215e-08,1.0,3.221745098033678e-07,1.0
step_116,3.650242567062378,5.26911735534668,2.0539817810058594,0.5,1.6188747882843018,3.4452888542091387e-08,1.0,3.221745098033678e-07,1.0
step_117,3.9740395545959473,4.195179462432861,1.7604353427886963,0.5,0.22113990783691406,3.445914842359343e-08,1.0,3.221745098033678e-07,1.0
step_118,4.0406880378723145,4.17368221282959,0.16804993152618408,0.5,0.1329941749572754,3.4459084474747215e-08,1.0,3.221745098033678e-07,1.0
step_119,4.546865940093994,5.682841777801514,2.6347720623016357,0.5,1.1359758377075195,3.4456004271987695e-08,1.0,3.221745098033678e-07,1.0
step_120,5.903474807739258,4.278948783874512,3.13421368598938,0.5,-1.624526023864746,3.445914842359343e-08,1.0,3.221745098033678e-07,1.0
step_121,6.794960021972656,4.256938934326172,0.06913843750953674,0.5,-2.5380210876464844,3.4459084474747215e-08,1.0,3.221745098033678e-07,1.0
step_122,5.364981651306152,4.353741645812988,1.4680030345916748,0.5,-1.011240005493164,3.445914842359343e-08,1.0,3.221745098033678e-07,1.0
step_123,2.4286954402923584,4.1846842765808105,0.5947239995002747,0.5,1.7559888362884521,3.4459084474747215e-08,1.0,3.221745098033678e-07,1.0
step_124,3.7542474269866943,4.625060558319092,1.0834730863571167,0.5,0.8708131313323975,3.4459084474747215e-08,1.0,3.221745098033678e-07,1.0
step_125,10.953353881835938,5.699650764465332,3.8312032222747803,0.5,-5.2537031173706055,3.4452888542091387e-08,1.0,3.221745098033678e-07,1.0
step_126,4.364739418029785,4.168587684631348,2.380959987640381,0.5,-0.1961517333984375,3.445932605927737e-08,1.0,3.221745098033678e-07,1.0
step_127,2.996316432952881,4.171797752380371,0.052652180194854736,0.5,1.1754813194274902,3.445914842359343e-08,1.0,3.221745098033678e-07,1.0
step_128,4.285592079162598,4.1663498878479,0.13443779945373535,0.5,-0.11924219131469727,3.4459084474747215e-08,1.0,3.221745098033678e-07,1.0
step_129,6.973206520080566,4.453264236450195,1.0575532913208008,0.5,-2.519942283630371,3.4459084474747215e-08,1.0,3.221745098033678e-07,1.0
step_130,5.450104713439941,4.638205528259277,0.30252787470817566,0.5,-0.8118991851806641,3.445914842359343e-08,1.0,3.221745098033678e-07,1.0
step_131,3.0209150314331055,5.424377918243408,0.869374692440033,0.5,2.4034628868103027,3.44533219731602e-08,1.0,3.221745098033678e-07,1.0
step_132,4.7838134765625,4.3374786376953125,1.4158109426498413,0.5,-0.4463348388671875,3.445932605927737e-08,1.0,3.221745098033678e-07,1.0
step_133,5.87142276763916,4.1896467208862305,0.5218930244445801,0.5,-1.6817760467529297,3.445913421273872e-08,1.0,3.221745098033678e-07,1.0
step_134,2.857707977294922,4.213321685791016,0.1372020495302288,0.5,1.3556137084960938,0.0,0.0,0.0,10000.0
step_135,4.876832008361816,4.2515034675598145,0.15020668506622314,0.5,-0.625328540802002,0.0,0.0,0.0,10000.0
step_136,6.268180847167969,4.331561088562012,0.2293379306793213,0.5,-1.936619758605957,5.141615757285611e-13,0.0,0.0,10000.0
step_137,3.708369731903076,4.961508750915527,0.9705581665039062,0.5,1.2531390190124512,5.141615757285611e-13,0.0,0.0,10000.0
step_138,5.805322170257568,4.494290828704834,0.6381341218948364,0.5,-1.3110313415527344,5.141615757285611e-13,0.0,0.0,10000.0
step_139,4.129112720489502,4.563592433929443,0.1152268648147583,0.5,0.4344797134399414,5.141615757285611e-13,0.0,0.0,10000.0
step_140,4.387936592102051,4.171294689178467,1.400599479675293,0.5,-0.21664190292358398,5.712906547567648e-14,0.0,0.0,10000.0
step_141,2.985548734664917,4.230102062225342,0.644952654838562,0.5,1.2445533275604248,5.712906547567648e-14,0.0,0.0,10000.0
step_142,3.9930198192596436,4.400593280792236,0.4630594849586487,0.5,0.4075734615325928,5.141615757285611e-13,0.0,0.0,10000.0
step_143,7.589877128601074,4.884209156036377,0.7265896201133728,0.5,-2.7056679725646973,2.285162619027059e-13,0.0,0.0,10000.0
step_144,4.216794013977051,4.463258266448975,2.784205913543701,0.5,0.24646425247192383,2.285162619027059e-13,0.0,0.0,10000.0
step_145,3.5432934761047363,4.536213397979736,0.1265498399734497,0.5,0.992919921875,5.712906547567648e-14,0.0,0.0,10000.0
step_146,7.884088039398193,4.867144584655762,2.890493869781494,0.5,-3.0169434547424316,0.0,0.0,0.0,10000.0
step_147,5.146407604217529,4.8535332679748535,0.016339749097824097,0.5,-0.2928743362426758,5.712906547567648e-14,0.0,0.0,10000.0
step_148,4.6078338623046875,4.198980808258057,2.018962860107422,0.5,-0.40885305404663086,5.712906547567648e-14,0.0,0.0,10000.0
step_149,6.51423978805542,4.187459468841553,0.07074573636054993,0.5,-2.326780319213867,5.712906547567648e-14,0.0,0.0,10000.0
step_150,4.363918781280518,4.167642593383789,0.21944089233875275,0.5,-0.19627618789672852,5.712906547567648e-14,0.0,0.0,10000.0
step_151,7.621703624725342,4.361338138580322,0.9539569616317749,0.5,-3.2603654861450195,5.712906547567648e-14,0.0,0.0,10000.0
step_152,4.655742645263672,4.944563388824463,0.8812192678451538,0.5,0.288820743560791,5.141615757285611e-13,0.0,0.0,10000.0
step_153,7.799871921539307,4.208165645599365,1.3554885387420654,0.5,-3.5917062759399414,5.712906547567648e-14,0.0,0.0,10000.0
step_154,3.40470027923584,4.173900604248047,0.2354278415441513,0.5,0.769200325012207,5.712906547567648e-14,0.0,0.0,10000.0
step_155,5.269176959991455,4.421994209289551,0.8377828598022461,0.5,-0.8471827507019043,5.141615757285611e-13,0.0,0.0,10000.0
step_156,8.00637435913086,4.4391584396362305,0.03339841961860657,0.5,-3.567215919494629,0.0,0.0,0.0,10000.0
step_157,4.836819171905518,4.167716026306152,0.9716246128082275,0.5,-0.6691031455993652,0.0,0.0,0.0,10000.0
step_158,4.2849931716918945,4.42449951171875,1.0890231132507324,0.5,0.13950634002685547,0.0,0.0,0.0,10000.0
step_159,2.0675649642944336,4.275900363922119,0.35423895716667175,0.5,2.2083353996276855,5.712906547567648e-14,0.0,0.0,10000.0
step_160,3.6689155101776123,4.411121368408203,0.32755613327026367,0.5,0.7422058582305908,5.712906547567648e-14,0.0,0.0,10000.0
step_161,8.838912010192871,4.4424848556518555,2.040313959121704,0.5,-4.396427154541016,5.712906547567648e-14,0.0,0.0,10000.0
step_162,6.711501121520996,4.293152332305908,1.7629847526550293,0.5,-2.418348789215088,5.712906547567648e-14,0.0,0.0,10000.0
step_163,4.785229206085205,4.227432727813721,1.206234097480774,0.5,-0.5577964782714844,2.285162619027059e-13,0.0,0.0,10000.0
step_164,2.890787124633789,4.583087921142578,0.796898603439331,0.5,1.692300796508789,5.141615757285611e-13,0.0,0.0,10000.0
step_165,4.032113552093506,4.235339164733887,1.8162258863449097,0.5,0.20322561264038086,5.712906547567648e-14,0.0,0.0,10000.0
step_166,2.8940043449401855,4.323195934295654,1.3171601295471191,0.5,1.4291915893554688,5.712906547567648e-14,0.0,0.0,10000.0
step_167,2.940446138381958,4.184206962585449,1.0589704513549805,0.5,1.2437608242034912,5.712906547567648e-14,0.0,0.0,10000.0
step_168,6.8580827713012695,4.485427379608154,1.3966611623764038,0.5,-2.3726553916931152,5.141615757285611e-13,0.0,0.0,10000.0
step_169,5.434201240539551,4.77449893951416,2.6893045902252197,0.5,-0.6597023010253906,0.0,0.0,0.0,10000.0
step_170,2.8253774642944336,4.219323635101318,2.0197925567626953,0.5,1.3939461708068848,5.141615757285611e-13,0.0,0.0,10000.0
step_171,3.720038890838623,4.210511684417725,0.0400431752204895,0.5,0.49047279357910156,0.0,0.0,0.0,10000.0
step_172,3.0302324295043945,4.222346305847168,0.05299645662307739,0.5,1.1921138763427734,0.0,0.0,0.0,10000.0
step_173,5.698156356811523,4.557677268981934,0.7779491543769836,0.5,-1.1404790878295898,5.712906547567648e-14,0.0,0.0,10000.0
step_174,5.087989330291748,4.17723274230957,1.0427688360214233,0.5,-0.9107565879821777,0.0,0.0,0.0,10000.0
step_175,3.8446998596191406,4.690725326538086,1.239928960800171,0.5,0.8460254669189453,5.712906547567648e-14,0.0,0.0,10000.0
step_176,5.97068977355957,4.420072078704834,0.4408808946609497,0.5,-1.5506176948547363,5.712906547567648e-14,0.0,0.0,10000.0
step_177,4.741623401641846,4.394041061401367,0.053080469369888306,0.5,-0.3475823402404785,5.712906547567648e-14,0.0,0.0,10000.0
step_178,2.708467960357666,4.4614667892456055,2.040688991546631,0.5,1.7529988288879395,0.0,0.0,0.0,10000.0
step_179,3.53122615814209,4.20315408706665,0.702928900718689,0.5,0.6719279289245605,5.712906547567648e-14,0.0,0.0,10000.0
step_180,4.418525695800781,4.209010124206543,0.029411762952804565,0.5,-0.20951557159423828,2.285162619027059e-13,0.0,0.0,10000.0
step_181,4.30326509475708,4.397665977478027,1.374739408493042,0.5,0.09440088272094727,5.712906547567648e-14,0.0,0.0,10000.0
step_182,6.009759902954102,4.395862102508545,0.0037581026554107666,0.5,-1.6138978004455566,2.285162619027059e-13,0.0,0.0,10000.0
step_183,4.289383888244629,4.190964221954346,1.2716196775436401,0.5,-0.0984196662902832,5.712906547567648e-14,0.0,0.0,10000.0
step_184,6.465409278869629,4.169765472412109,0.197289377450943,0.5,-2.2956438064575195,2.285162619027059e-13,0.0,0.0,10000.0
step_185,5.521743297576904,4.251682758331299,0.7003682851791382,0.5,-1.2700605392456055,0.0,0.0,0.0,10000.0
step_186,4.378029823303223,4.475712776184082,1.6964534521102905,0.5,0.09768295288085938,0.0,0.0,0.0,10000.0
step_187,3.075820207595825,4.189164638519287,1.4141924381256104,0.5,1.113344430923462,0.0,0.0,0.0,10000.0
step_188,1.9326480627059937,4.398864269256592,1.2661678791046143,0.5,2.466216206550598,5.712906547567648e-14,0.0,0.0,10000.0
step_189,6.469316005706787,4.363638401031494,1.8525784015655518,0.5,-2.105677604675293,0.0,0.0,0.0,10000.0
step_190,4.24009895324707,4.261749744415283,0.27064207196235657,0.5,0.02165079116821289,5.712906547567648e-14,0.0,0.0,10000.0
step_191,7.486029624938965,4.294803619384766,1.3343238830566406,0.5,-3.191226005554199,5.712906547567648e-14,0.0,0.0,10000.0
step_192,4.476469993591309,4.253018379211426,1.305371642112732,0.5,-0.2234516143798828,2.285162619027059e-13,0.0,0.0,10000.0
step_193,3.754725217819214,4.166400909423828,0.5962566137313843,0.5,0.41167569160461426,5.712906547567648e-14,0.0,0.0,10000.0
step_194,3.937311887741089,4.731707572937012,1.4961662292480469,0.5,0.7943956851959229,0.0,0.0,0.0,10000.0
step_195,4.96779203414917,4.218398571014404,1.9598798751831055,0.5,-0.7493934631347656,5.712906547567648e-14,0.0,0.0,10000.0
step_196,4.005044937133789,4.431317329406738,1.4855520725250244,0.5,0.4262723922729492,2.285162619027059e-13,0.0,0.0,10000.0
step_197,6.703159332275391,4.168969631195068,1.1310772895812988,0.5,-2.5341897010803223,2.285162619027059e-13,0.0,0.0,10000.0
step_198,3.3429858684539795,4.35175895690918,0.7594496607780457,0.5,1.0087730884552002,5.141615757285611e-13,0.0,0.0,10000.0
step_199,3.14913272857666,4.358760833740234,1.7383077144622803,0.5,1.2096281051635742,5.712906547567648e-14,0.0,0.0,10000.0
step_200,2.79841685295105,4.17313814163208,0.7128728032112122,0.5,1.3747212886810303,0.0,0.0,0.0,10000.0
step_201,6.452189922332764,4.19661808013916,0.5120829343795776,0.5,-2.2555718421936035,0.0,0.0,0.0,10000.0
step_202,5.745131969451904,4.307005405426025,0.40223708748817444,0.5,-1.438126564025879,0.0,0.0,0.0,10000.0
step_203,3.199004888534546,4.645158767700195,0.6338841915130615,0.5,1.4461538791656494,5.712906547567648e-14,0.0,0.0,10000.0
step_204,5.829165458679199,4.166440486907959,1.369166612625122,0.5,-1.6627249717712402,2.285162619027059e-13,0.0,0.0,10000.0
step_205,4.073710918426514,4.244760990142822,0.5452080965042114,0.5,0.1710500717163086,5.141615757285611e-13,0.0,0.0,10000.0
step_206,2.4599578380584717,4.192377090454102,0.23747599124908447,0.5,1.7324192523956299,2.285162619027059e-13,0.0,0.0,10000.0
step_207,4.766736030578613,4.62293815612793,1.0289390087127686,0.5,-0.1437978744506836,5.712906547567648e-14,0.0,0.0,10000.0
step_208,2.585313320159912,4.179316520690918,1.1239489316940308,0.5,1.5940032005310059,0.0,0.0,0.0,10000.0
step_209,3.8744466304779053,4.231512069702148,0.2829723358154297,0.5,0.35706543922424316,5.712906547567648e-14,0.0,0.0,10000.0
step_210,3.755751848220825,4.266283988952637,1.142525315284729,0.5,0.5105321407318115,5.712906547567648e-14,0.0,0.0,10000.0
step_211,6.561002731323242,5.139813423156738,2.6053786277770996,0.5,-1.421189308166504,2.285162619027059e-13,0.0,0.0,10000.0
step_212,3.5248470306396484,4.174591541290283,1.792086124420166,0.5,0.6497445106506348,2.285162619027059e-13,0.0,0.0,10000.0
step_213,4.4287261962890625,4.172901630401611,0.01973205804824829,0.5,-0.25582456588745117,5.712906547567648e-14,0.0,0.0,10000.0
step_214,2.3900084495544434,4.9275736808776855,1.5834909677505493,0.5,2.537565231323242,2.285162619027059e-13,0.0,0.0,10000.0
step_215,5.373044013977051,4.3509039878845215,2.604031562805176,0.5,-1.0221400260925293,0.0,0.0,0.0,10000.0
step_216,3.1841697692871094,4.1785759925842285,1.0799237489700317,0.5,0.9944062232971191,0.0,0.0,0.0,10000.0
step_217,3.625715732574463,4.2966437339782715,0.9426367282867432,0.5,0.6709280014038086,5.712906547567648e-14,0.0,0.0,10000.0
step_218,6.697205543518066,4.172930717468262,0.8836151957511902,0.5,-2.5242748260498047,2.285162619027059e-13,0.0,0.0,10000.0
step_219,3.954646348953247,4.319713592529297,0.9449305534362793,0.5,0.3650672435760498,5.712906547567648e-14,0.0,0.0,10000.0
step_220,6.077846527099609,4.257542610168457,1.3869808912277222,0.5,-1.8203039169311523,2.285162619027059e-13,0.0,0.0,10000.0
step_221,3.5265705585479736,4.355072021484375,0.26491791009902954,0.5,0.8285014629364014,0.0,0.0,0.0,10000.0
step_222,3.9672904014587402,4.322933197021484,1.660078525543213,0.5,0.35564279556274414,5.712906547567648e-14,0.0,0.0,10000.0
step_223,1.603316068649292,4.186095714569092,0.510540246963501,0.5,2.5827796459198,0.0,0.0,0.0,10000.0
step_224,3.8680615425109863,4.238090991973877,0.8163313269615173,0.5,0.3700294494628906,2.285162619027059e-13,0.0,0.0,10000.0
step_225,4.615535736083984,4.167069911956787,0.48326924443244934,0.5,-0.44846582412719727,5.712906547567648e-14,0.0,0.0,10000.0
step_226,3.4675047397613525,4.166417121887207,0.04119417071342468,0.5,0.6989123821258545,0.0,0.0,0.0,10000.0
step_227,2.7128443717956543,4.3771491050720215,0.9292668104171753,0.5,1.6643047332763672,0.0,0.0,0.0,10000.0
step_228,3.70523738861084,4.355478763580322,0.04848450422286987,0.5,0.6502413749694824,0.0,0.0,0.0,10000.0
step_229,3.4598703384399414,4.797811031341553,0.7195504903793335,0.5,1.3379406929016113,0.0,0.0,0.0,10000.0
step_230,4.3707122802734375,4.657307147979736,0.18792986869812012,0.5,0.28659486770629883,5.712906547567648e-14,0.0,0.0,10000.0
step_231,1.0892629623413086,4.46511173248291,0.3081989586353302,0.5,3.3758487701416016,5.712906547567648e-14,0.0,0.0,10000.0
step_232,3.782728910446167,4.2027363777160645,1.4744274616241455,0.5,0.42000746726989746,5.141615757285611e-13,0.0,0.0,10000.0
step_233,4.224660396575928,4.553595542907715,1.6258347034454346,0.5,0.3289351463317871,5.712906547567648e-14,0.0,0.0,10000.0
step_234,10.508862495422363,4.568068981170654,2.5120911598205566,0.5,-5.940793514251709,5.712906547567648e-14,0.0,0.0,10000.0
step_235,4.757083415985107,4.2590813636779785,1.8764843940734863,0.5,-0.4980020523071289,5.712906547567648e-14,0.0,0.0,10000.0
step_236,5.285612106323242,4.544721603393555,0.6212635040283203,0.5,-0.7408905029296875,5.712906547567648e-14,0.0,0.0,10000.0
step_237,6.1984171867370605,4.24131965637207,1.7776583433151245,0.5,-1.9570975303649902,5.712906547567648e-14,0.0,0.0,10000.0
step_238,3.8007657527923584,4.4613261222839355,1.6336464881896973,0.5,0.6605603694915771,0.0,0.0,0.0,10000.0
step_239,4.529052734375,4.173069953918457,1.2496751546859741,0.5,-0.35598278045654297,5.712906547567648e-14,0.0,0.0,10000.0
step_240,2.8964242935180664,4.242654800415039,0.715843677520752,0.5,1.3462305068969727,2.285162619027059e-13,0.0,0.0,10000.0
step_241,2.960256814956665,4.276617050170898,0.11168478429317474,0.5,1.3163602352142334,5.712906547567648e-14,0.0,0.0,10000.0
step_242,2.496736526489258,4.611945152282715,0.6709831953048706,0.5,2.115208625793457,5.712906547567648e-14,0.0,0.0,10000.0
step_243,3.00530743598938,4.205076694488525,0.9416059255599976,0.5,1.1997692584991455,0.0,0.0,0.0,10000.0
step_244,5.348300933837891,4.580805778503418,1.680906057357788,0.5,-0.7674951553344727,5.141615757285611e-13,0.0,0.0,10000.0
step_245,3.77245831489563,4.237449645996094,0.7543551921844482,0.5,0.46499133110046387,2.285162619027059e-13,0.0,0.0,10000.0
step_246,3.07574725151062,4.340212821960449,0.30069777369499207,0.5,1.264465570449829,2.285162619027059e-13,0.0,0.0,10000.0
step_247,4.153902530670166,4.196358680725098,1.1801003217697144,0.5,0.04245615005493164,5.712906547567648e-14,0.0,0.0,10000.0
step_248,1.5976346731185913,4.170705318450928,0.47767990827560425,0.5,2.5730706453323364,2.285162619027059e-13,0.0,0.0,10000.0
step_249,7.6328206062316895,5.091057300567627,1.791765809059143,0.5,-2.5417633056640625,0.0,0.0,0.0,10000.0
step_250,5.090376853942871,4.753660678863525,0.3905191421508789,0.5,-0.3367161750793457,0.0,0.0,0.0,10000.0
step_251,5.232676029205322,4.652085781097412,2.9265193939208984,0.5,-0.5805902481079102,0.0,0.0,0.0,10000.0
step_252,2.5033185482025146,4.46824312210083,0.2950127422809601,0.5,1.9649245738983154,5.712906547567648e-14,0.0,0.0,10000.0
step_253,3.1039071083068848,4.437849044799805,0.05678865313529968,0.5,1.33394193649292,0.0,0.0,0.0,10000.0
step_254,7.945780277252197,5.559510707855225,3.4026541709899902,0.5,-2.3862695693969727,2.285162619027059e-13,0.0,0.0,10000.0
step_255,4.759104251861572,4.8590593338012695,0.6960746645927429,0.5,0.09995508193969727,5.712906547567648e-14,0.0,0.0,10000.0
step_256,3.583448648452759,4.706662178039551,3.134608030319214,0.5,1.123213529586792,0.0,0.0,0.0,10000.0
step_257,7.313133239746094,4.647224426269531,2.856919527053833,0.5,-2.6659088134765625,5.712906547567648e-14,0.0,0.0,10000.0
step_258,8.652039527893066,5.101762771606445,0.5474470853805542,0.5,-3.550276756286621,5.712906547567648e-14,0.0,0.0,10000.0
step_259,4.603527545928955,5.269363880157471,0.1661575436592102,0.5,0.6658363342285156,9.140650476108236e-13,0.0,0.0,10000.0
step_260,5.675920486450195,4.166440963745117,2.0857036113739014,0.5,-1.5094795227050781,0.0,0.0,0.0,10000.0
step_261,2.6942248344421387,4.276248931884766,0.6481583118438721,0.5,1.582024097442627,5.141615757285611e-13,0.0,0.0,10000.0
step_262,3.6168720722198486,4.40526008605957,0.31458452343940735,0.5,0.7883880138397217,0.0,0.0,0.0,10000.0
step_263,5.200009346008301,4.481297492980957,0.14484480023384094,0.5,-0.7187118530273438,5.712906547567648e-14,0.0,0.0,10000.0
step_264,4.9101948738098145,6.265955924987793,4.020317077636719,0.5,1.3557610511779785,1.428226636891912e-14,0.0,0.0,10000.0
step_265,7.114082336425781,4.174026966094971,3.0727992057800293,0.5,-2.9400553703308105,0.0,0.0,0.0,10000.0
step_266,2.907160997390747,4.17846155166626,0.044952571392059326,0.5,1.2713005542755127,0.0,0.0,0.0,10000.0
step_267,1.9212313890457153,4.2335028648376465,0.737909197807312,0.5,2.312271475791931,2.285162619027059e-13,0.0,0.0,10000.0
step_268,6.912093162536621,5.224222183227539,2.57515811920166,0.5,-1.687870979309082,0.0,0.0,0.0,10000.0
step_269,4.454842567443848,4.170002460479736,2.177286148071289,0.5,-0.28484010696411133,5.712906547567648e-14,0.0,0.0,10000.0
step_270,2.6684069633483887,4.173959255218506,0.294309139251709,0.5,1.5055522918701172,5.712906547567648e-14,0.0,0.0,10000.0
step_271,3.0985593795776367,4.171716690063477,0.028029799461364746,0.5,1.0731573104858398,0.0,0.0,0.0,10000.0
step_272,2.5828139781951904,4.741364002227783,1.6625611782073975,0.5,2.1585500240325928,5.712906547567648e-14,0.0,0.0,10000.0
step_273,4.454901218414307,4.348101615905762,2.3691067695617676,0.5,-0.10679960250854492,2.285162619027059e-13,0.0,0.0,10000.0
step_274,5.974129676818848,4.357987403869629,0.022883236408233643,0.5,-1.6161422729492188,2.285162619027059e-13,0.0,0.0,10000.0
step_275,3.54481840133667,4.2870893478393555,1.5702908039093018,0.5,0.7422709465026855,5.712906547567648e-14,0.0,0.0,10000.0
step_276,6.696760654449463,4.432788848876953,1.7271298170089722,0.5,-2.2639718055725098,0.0,0.0,0.0,10000.0
step_277,4.114457130432129,4.2039408683776855,0.6447038650512695,0.5,0.08948373794555664,5.141615757285611e-13,0.0,0.0,10000.0
step_278,1.5572302341461182,4.224586486816406,0.8700735569000244,0.5,2.667356252670288,0.0,0.0,0.0,10000.0
step_279,2.726121187210083,4.187630653381348,0.19098812341690063,0.5,1.4615094661712646,5.712906547567648e-14,0.0,0.0,10000.0
step_280,5.965664386749268,4.507351875305176,1.4593497514724731,0.5,-1.4583125114440918,2.285162619027059e-13,0.0,0.0,10000.0
step_281,5.444701194763184,4.16670036315918,1.1324083805084229,0.5,-1.278000831604004,0.0,0.0,0.0,10000.0
step_282,3.1511120796203613,4.591716289520264,1.3397812843322754,0.5,1.4406042098999023,5.712906547567648e-14,0.0,0.0,10000.0
step_283,7.717954635620117,4.818349838256836,2.9192304611206055,0.5,-2.8996047973632812,0.0,0.0,0.0,10000.0
step_284,5.221690654754639,4.870283603668213,3.292855739593506,0.5,-0.3514070510864258,5.712906547567648e-14,0.0,0.0,10000.0
step_285,4.091634750366211,4.280727386474609,2.3542580604553223,0.5,0.18909263610839844,2.285162619027059e-13,0.0,0.0,10000.0
step_286,7.246065139770508,5.484163761138916,1.6196027994155884,0.5,-1.7619013786315918,9.140650476108236e-13,0.0,0.0,10000.0
step_287,4.901981353759766,4.28585147857666,1.6046146154403687,0.5,-0.6161298751831055,5.712906547567648e-14,0.0,0.0,10000.0
step_288,3.8432934284210205,4.295500755310059,0.027374088764190674,0.5,0.4522073268890381,5.712906547567648e-14,0.0,0.0,10000.0
step_289,7.40377140045166,4.961416721343994,1.0646401643753052,0.5,-2.442354679107666,2.285162619027059e-13,0.0,0.0,10000.0
step_290,3.6674182415008545,4.2059736251831055,2.181218385696411,0.5,0.538555383682251,0.0,0.0,0.0,10000.0
step_291,9.455635070800781,4.188101291656494,0.6926491856575012,0.5,-5.267533779144287,5.712906547567648e-14,0.0,0.0,10000.0
step_292,3.6313533782958984,4.24479866027832,0.2653229236602783,0.5,0.6134452819824219,5.712906547567648e-14,0.0,0.0,10000.0
step_293,6.312949180603027,4.212991714477539,0.9918065071105957,0.5,-2.0999574661254883,2.285162619027059e-13,0.0,0.0,10000.0
step_294,3.3099443912506104,4.656581401824951,0.9685148000717163,0.5,1.3466370105743408,2.285162619027059e-13,0.0,0.0,10000.0
step_295,3.9887099266052246,4.628673553466797,0.040444761514663696,0.5,0.6399636268615723,0.0,0.0,0.0,10000.0
step_296,3.2699131965637207,4.470607280731201,0.25670892000198364,0.5,1.2006940841674805,0.0,0.0,0.0,10000.0
step_297,4.743383407592773,4.248253345489502,1.6753714084625244,0.5,-0.4951300621032715,0.0,0.0,0.0,10000.0
step_298,1.6650604009628296,4.248712062835693,0.0016018450260162354,0.5,2.5836516618728638,5.712906547567648e-14,0.0,0.0,10000.0
step_299,5.040034770965576,4.431076526641846,0.4551115334033966,0.5,-0.6089582443237305,2.285162619027059e-13,0.0,0.0,10000.0
