timestamp,layer_name,loss,val_loss,grad_norm,learning_rate,effective_rank,representation_variance,collapse_score
step_0,hidden_0,14.070328712463379,13.308597564697266,9.424671100187837,0.001,11.945003954478455,0.11940430356797557,0.08371700870179094
step_0,hidden_1,14.070328712463379,13.308597564697266,9.424671100187837,0.001,10.438953072492655,0.017783892191491714,0.09579504697986117
step_1,hidden_0,14.01272201538086,13.2588472366333,9.392840833650121,0.001,11.943848331607363,0.11852548914191868,0.08372510871170978
step_1,hidden_1,14.01272201538086,13.2588472366333,9.392840833650121,0.001,10.403556091099604,0.01745587078736503,0.09612097933085734
step_2,hidden_0,13.955580711364746,13.209796905517578,9.381252391565443,0.001,11.942567925769037,0.11765243201997518,0.08373408518299094
step_2,hidden_1,13.955580711364746,13.209796905517578,9.381252391565443,0.001,10.361432521173338,0.01715780060315833,0.09651175143557844
step_3,hidden_0,13.899057388305664,13.161419868469238,9.338872405334433,0.001,11.941217810411668,0.11678560133976991,0.08374355244806689
step_3,hidden_1,13.899057388305664,13.161419868469238,9.338872405334433,0.001,10.31398732980675,0.01688821748642483,0.09695571344266299
step_4,hidden_0,13.843219757080078,13.113299369812012,9.311548069407376,0.001,11.93975835157669,0.11592476245337682,0.08375378885854472
step_4,hidden_1,13.843219757080078,13.113299369812012,9.311548069407376,0.001,10.260397458394431,0.016646080812997868,0.09746211139041802
step_5,hidden_0,13.787592887878418,13.065223693847656,9.285802914882359,0.001,11.938105623693476,0.1150696357730303,0.08376538384911815
step_5,hidden_1,13.787592887878418,13.065223693847656,9.285802914882359,0.001,10.198454048955933,0.01642958837312192,0.09805407713754175
step_6,hidden_0,13.732224464416504,13.017236709594727,9.248440777470721,0.001,11.936317309326501,0.1142204008029449,0.08377793368635107
step_6,hidden_1,13.732224464416504,13.017236709594727,9.248440777470721,0.001,10.129062425009428,0.016236581221722547,0.09872582061799952
step_7,hidden_0,13.677098274230957,12.969067573547363,9.24305194204974,0.001,11.93444347440881,0.11337744204036238,0.08379108771551129
step_7,hidden_1,13.677098274230957,12.969067573547363,9.24305194204974,0.001,10.052765741353081,0.016066007351616257,0.09947511219588034
step_8,hidden_0,13.621674537658691,12.920490264892578,9.232235025590912,0.001,11.932444078658254,0.11254091756150757,0.08380512771801275
step_8,hidden_1,13.621674537658691,12.920490264892578,9.232235025590912,0.001,9.9706939457443,0.01591829601416189,0.10029392191170615
step_9,hidden_0,13.566083908081055,12.871452331542969,9.215649677597133,0.001,11.930281771379951,0.11171066556165368,0.08382031700197907
step_9,hidden_1,13.566083908081055,12.871452331542969,9.215649677597133,0.001,9.88206870075733,0.01579194262040629,0.10119338675750789
step_10,hidden_0,13.51046371459961,12.822203636169434,9.20309534938821,0.001,11.928020341265917,0.11088649699069567,0.08383620847295355
step_10,hidden_1,13.51046371459961,12.822203636169434,9.20309534938821,0.001,9.78708902791946,0.015687444302406216,0.10217542694741176
step_11,hidden_0,13.454645156860352,12.77231216430664,9.213019433162914,0.001,11.925695898543683,0.11006804794639251,0.08385254902584896
step_11,hidden_1,13.454645156860352,12.77231216430664,9.213019433162914,0.001,9.685564427330196,0.015606139386084185,0.1032464351977521
step_12,hidden_0,13.398366928100586,12.721614837646484,9.21206672567754,0.001,11.923314075762061,0.1092551280384777,0.08386929956267938
step_12,hidden_1,13.398366928100586,12.721614837646484,9.21206672567754,0.001,9.577888710708333,0.015548092475840727,0.10440714339079483
step_13,hidden_0,13.341538429260254,12.669894218444824,9.234136205909893,0.001,11.920902977381404,0.1084477452266514,0.08388626280218785
step_13,hidden_1,13.341538429260254,12.669894218444824,9.234136205909893,0.001,9.46382356116781,0.015515715259757111,0.10566553714116397
step_14,hidden_0,13.283411026000977,12.617257118225098,9.253039118462896,0.001,11.918555949117541,0.1076457555973676,0.08390278186964761
step_14,hidden_1,13.283411026000977,12.617257118225098,9.253039118462896,0.001,9.343882509245464,0.015509464527907437,0.10702189363046175
step_15,hidden_0,13.224308967590332,12.563604354858398,9.256954695127847,0.001,11.91628184280208,0.10684902941140806,0.08391879389828638
step_15,hidden_1,13.224308967590332,12.563604354858398,9.256954695127847,0.001,9.218563892645008,0.015526639668953316,0.10847676619108164
step_16,hidden_0,13.16455078125,12.509037971496582,9.279175780710197,0.001,11.91399648562166,0.10605756297052116,0.08393489130258218
step_16,hidden_1,13.16455078125,12.509037971496582,9.279175780710197,0.001,9.089071556542432,0.01556787718834029,0.11002223866090997
step_17,hidden_0,13.103468894958496,12.453413009643555,9.31680442451644,0.001,11.911677657032682,0.10527127788451862,0.08395123078314647
step_17,hidden_1,13.103468894958496,12.453413009643555,9.31680442451644,0.001,8.955602751718846,0.015633031399463464,0.11166194255412572
step_18,hidden_0,13.041217803955078,12.39651107788086,9.338437349061394,0.001,11.909394499353732,0.10449044133244381,0.08396732512759279
step_18,hidden_1,13.041217803955078,12.39651107788086,9.338437349061394,0.001,8.819750683992138,0.015720872608108286,0.1133818897868623
step_19,hidden_0,12.977736473083496,12.338685035705566,9.380908933198759,0.001,11.907062061791779,0.10371492216619156,0.08398377322722375
step_19,hidden_1,12.977736473083496,12.338685035705566,9.380908933198759,0.001,8.682984720464212,0.01583240299404611,0.11516777147415477
step_20,hidden_0,12.912822723388672,12.279888153076172,9.425602728824087,0.001,11.904701759779154,0.10294474596283631,0.08400042438514235
step_20,hidden_1,12.912822723388672,12.279888153076172,9.425602728824087,0.001,8.54433245549511,0.01596714449523866,0.11703664449021652
step_21,hidden_0,12.846301078796387,12.220010757446289,9.467576528433282,0.001,11.902307409776618,0.10217991895723888,0.08401732248812484
step_21,hidden_1,12.846301078796387,12.220010757446289,9.467576528433282,0.001,8.40693691319723,0.0161257562756724,0.11894938790728851
step_22,hidden_0,12.778289794921875,12.158853530883789,9.508160426694465,0.001,11.899847121834114,0.10142043229937169,0.08403469303107071
step_22,hidden_1,12.778289794921875,12.158853530883789,9.508160426694465,0.001,8.270193682510943,0.016307354662794035,0.12091615243724092
step_23,hidden_0,12.70880126953125,12.096285820007324,9.545450428744347,0.001,11.897273122349231,0.10066623590551738,0.08405287410957078
step_23,hidden_1,12.70880126953125,12.096285820007324,9.545450428744347,0.001,8.133651515090161,0.016512363401495752,0.1229460099372004
step_24,hidden_0,12.637686729431152,12.032135963439941,9.600368413497197,0.001,11.89467103635606,0.09991741629868227,0.08407126157112711
step_24,hidden_1,12.637686729431152,12.032135963439941,9.600368413497197,0.001,7.996109417796877,0.01674046575451794,0.12506081992503854
step_25,hidden_0,12.565073013305664,11.966423034667969,9.637124650684168,0.001,11.892033992666086,0.09917394001160705,0.08408990426841263
step_25,hidden_1,12.565073013305664,11.966423034667969,9.637124650684168,0.001,7.858621557212907,0.01699193589767316,0.1272487792826932
step_26,hidden_0,12.490920066833496,11.899173736572266,9.69084798700631,0.001,11.889348343073559,0.09843577554403252,0.08410889908718802
step_26,hidden_1,12.490920066833496,11.899173736572266,9.69084798700631,0.001,7.719360719332256,0.01726598292413872,0.12954440611845155
step_27,hidden_0,12.415094375610352,11.830461502075195,9.736182823433346,0.001,11.886700277564344,0.09770313451501046,0.08412763648861062
step_27,hidden_1,12.415094375610352,11.830461502075195,9.736182823433346,0.001,7.576584640435678,0.01756165679473293,0.13198559079813788
step_28,hidden_0,12.338086128234863,11.760611534118652,9.772054099800162,0.001,11.884034455497723,0.09697594924579139,0.08414650796787163
step_28,hidden_1,12.338086128234863,11.760611534118652,9.772054099800162,0.001,7.432866503807722,0.01787797376433912,0.13453759723623696
step_29,hidden_0,12.259980201721191,11.6896390914917,9.810834020663373,0.001,11.881350855503717,0.09625428030106928,0.08416551385121136
step_29,hidden_1,12.259980201721191,11.6896390914917,9.810834020663373,0.001,7.2908081203361315,0.018213424654067376,0.1371590067239208
step_30,hidden_0,12.18072509765625,11.61770248413086,9.861723897557415,0.001,11.87856188783151,0.09553782312780708,0.08418527507310525
step_30,hidden_1,12.18072509765625,11.61770248413086,9.861723897557415,0.001,7.149019462673809,0.018567561546011555,0.13987932264293898
step_31,hidden_0,12.10025405883789,11.544844627380371,9.914743176493205,0.001,11.875591413939242,0.0948264505953134,0.08420633256430729
step_31,hidden_1,12.10025405883789,11.544844627380371,9.914743176493205,0.001,7.007276364060169,0.018941512570801317,0.14270879983111986
step_32,hidden_0,12.018335342407227,11.470932960510254,9.98303237270553,0.001,11.872595534563915,0.09412055317460709,0.0842275808258409
step_32,hidden_1,12.018335342407227,11.470932960510254,9.98303237270553,0.001,6.866982705317582,0.01933491451393526,0.1456243655930035
step_33,hidden_0,11.934728622436523,11.39578628540039,10.05119218167957,0.001,11.869595756523156,0.09342018056311313,0.08424886748568766
step_33,hidden_1,11.934728622436523,11.39578628540039,10.05119218167957,0.001,6.727671187460088,0.01974500299005296,0.1486398446261658
step_34,hidden_0,11.849775314331055,11.319741249084473,10.091677856208982,0.001,11.866626749480046,0.09272562797051265,0.08426994638925644
step_34,hidden_1,11.849775314331055,11.319741249084473,10.091677856208982,0.001,6.588919778314528,0.020170887255205994,0.15176994615888373
step_35,hidden_0,11.764020919799805,11.243271827697754,10.13299010389251,0.001,11.863658821746096,0.09203698109359217,0.08429102817479876
step_35,hidden_1,11.764020919799805,11.243271827697754,10.13299010389251,0.001,6.4523070046268325,0.020612723306026558,0.15498332600772377
step_36,hidden_0,11.6774263381958,11.166370391845703,10.180369436682982,0.001,11.860655314730762,0.09135414840632296,0.08431237342830582
step_36,hidden_1,11.6774263381958,11.166370391845703,10.180369436682982,0.001,6.314986584354983,0.021068311861788782,0.15835346388184618
step_37,hidden_0,11.590436935424805,11.08923625946045,10.21125690395608,0.001,11.85757127087437,0.09067728943282687,0.084334302291422
step_37,hidden_1,11.590436935424805,11.08923625946045,10.21125690395608,0.001,6.178782930912592,0.021536592986887815,0.1618441707989088
step_38,hidden_0,11.5032377243042,11.011962890625,10.250258041189914,0.001,11.85432108918387,0.09000649407266983,0.08435742481384453
step_38,hidden_1,11.5032377243042,11.011962890625,10.250258041189914,0.001,6.043441417988765,0.022015327580129904,0.1654686346463827
step_39,hidden_0,11.415794372558594,10.934518814086914,10.282874870377855,0.001,11.850924139415856,0.08934176806353275,0.08438160503230518
step_39,hidden_1,11.415794372558594,10.934518814086914,10.282874870377855,0.001,5.9091450247969295,0.022502872415641015,0.16922921942237582
step_40,hidden_0,11.328311920166016,10.856595039367676,10.33270223955676,0.001,11.847447659022619,0.0886831460979198,0.0844063657237121
step_40,hidden_1,11.328311920166016,10.856595039367676,10.33270223955676,0.001,5.775546702581382,0.022997707441047496,0.1731437821380701
step_41,hidden_0,11.240312576293945,10.77843952178955,10.36911700876902,0.001,11.84386866064451,0.08803046967145266,0.08443187176862722
step_41,hidden_1,11.240312576293945,10.77843952178955,10.36911700876902,0.001,5.643126862292533,0.02349919359231773,0.1772067196791227
step_42,hidden_0,11.152304649353027,10.700422286987305,10.404462628494114,0.001,11.840214046691097,0.0873837233544549,0.08445793260633351
step_42,hidden_1,11.152304649353027,10.700422286987305,10.404462628494114,0.001,5.512334489429743,0.02400888375213139,0.18141134249337817
step_43,hidden_0,11.064326286315918,10.622594833374023,10.431725612844966,0.001,11.836466215680725,0.08674278046435566,0.08448467488338868
step_43,hidden_1,11.064326286315918,10.622594833374023,10.431725612844966,0.001,5.383683148391709,0.024525119807093248,0.1857464439189246
step_44,hidden_0,10.976552963256836,10.544841766357422,10.46736632668938,0.001,11.832632815168955,0.08610745605033301,0.08451204525826582
step_44,hidden_1,10.976552963256836,10.544841766357422,10.46736632668938,0.001,5.2562520019558825,0.025045353727422476,0.1902496302741752
step_45,hidden_0,10.88879680633545,10.467294692993164,10.506720381261127,0.001,11.828771368643462,0.08547780163533995,0.08453963381614343
step_45,hidden_1,10.88879680633545,10.467294692993164,10.506720381261127,0.001,5.129959715146071,0.025569512041012363,0.19493330465101438
step_46,hidden_0,10.801373481750488,10.390110969543457,10.531873985370408,0.001,11.824878117829805,0.08485364612309193,0.0845674678449479
step_46,hidden_1,10.801373481750488,10.390110969543457,10.531873985370408,0.001,5.005623942755001,0.026095540190401792,0.19977529503537153
step_47,hidden_0,10.71435832977295,10.313268661499023,10.555179386348348,0.001,11.820921716751117,0.0842347808333426,0.08459577213703448
step_47,hidden_1,10.71435832977295,10.313268661499023,10.555179386348348,0.001,4.881739078797416,0.026621778554952263,0.20484503244821994
step_48,hidden_0,10.627961158752441,10.236881256103516,10.578472780774677,0.001,11.8169382892834,0.08362115228797352,0.0846242889248973
step_48,hidden_1,10.627961158752441,10.236881256103516,10.578472780774677,0.001,4.759431913026563,0.027148294081524412,0.21010910929579651
step_49,hidden_0,10.542160987854004,10.161113739013672,10.600442453255292,0.001,11.812935692070857,0.08301263993936658,0.08465296231750634
step_49,hidden_1,10.542160987854004,10.161113739013672,10.600442453255292,0.001,4.639340229421422,0.02767501845383948,0.2155478905509612
step_50,hidden_0,10.457043647766113,10.085928916931152,10.620445840520004,0.001,11.808948263127649,0.08240924148868074,0.08468154637635324
step_50,hidden_1,10.457043647766113,10.085928916931152,10.620445840520004,0.001,4.521382127496288,0.02820046298167406,0.22117130819768804
step_51,hidden_0,10.372624397277832,10.011460304260254,10.637706197710862,0.001,11.804930320625669,0.08181089623250903,0.08471036870525123
step_51,hidden_1,10.372624397277832,10.011460304260254,10.637706197710862,0.001,4.405553355116676,0.028723594556344087,0.22698624199808748
step_52,hidden_0,10.289017677307129,9.937699317932129,10.653633128371174,0.001,11.800823075146381,0.0812175075352767,0.08473985192660773
step_52,hidden_1,10.289017677307129,9.937699317932129,10.653633128371174,0.001,4.29232679529633,0.029243823596117716,0.23297387354006507
step_53,hidden_0,10.206249237060547,9.864667892456055,10.66697000456212,0.001,11.796642400369665,0.08062910210233568,0.08476988333296122
step_53,hidden_1,10.206249237060547,9.864667892456055,10.66697000456212,0.001,4.181841213747692,0.029759930439697692,0.2391291177466343
step_54,hidden_0,10.12437629699707,9.792431831359863,10.678479575288886,0.001,11.792431639126319,0.08004575868112095,0.08480015238605092
step_54,hidden_1,10.12437629699707,9.792431831359863,10.678479575288886,0.001,4.074495921482046,0.03027113598915172,0.24542913265115326
step_55,hidden_0,10.043434143066406,9.721055030822754,10.689811574229742,0.001,11.788183695979049,0.0794674512446381,0.08483071063280938
step_55,hidden_1,10.043434143066406,9.721055030822754,10.689811574229742,0.001,3.970646104590771,0.03077705801126094,0.25184818129317105
step_56,hidden_0,9.963433265686035,9.650569915771484,10.700338478716256,0.001,11.783888221413592,0.07889409511896123,0.08486163320717924
step_56,hidden_1,9.963433265686035,9.650569915771484,10.700338478716256,0.001,3.8705027781806995,0.03127733297400775,0.2583643669337559
step_57,hidden_0,9.884418487548828,9.580981254577637,10.707944521448317,0.001,11.779599210000736,0.07832579004193914,0.08489253175532595
step_57,hidden_1,9.884418487548828,9.580981254577637,10.707944521448317,0.001,3.773583482970641,0.031770418188123546,0.2650000999084244
step_58,hidden_0,9.806417465209961,9.512289047241211,10.715424100177737,0.001,11.775280226443625,0.07776237228262983,0.08492366897174221
step_58,hidden_1,9.806417465209961,9.512289047241211,10.715424100177737,0.001,3.6796955727787637,0.03225564684767314,0.27176161185661313
step_59,hidden_0,9.729401588439941,9.444500923156738,10.72261049048744,0.001,11.77087960343513,0.07720363879650993,0.08495541826017548
step_59,hidden_1,9.729401588439941,9.444500923156738,10.72261049048744,0.001,3.5890024694109566,0.032732918098387805,0.27862895289791334
step_60,hidden_0,9.653398513793945,9.37761402130127,10.726932941131361,0.001,11.766405518753128,0.07664945526766664,0.08498772190081451
step_60,hidden_1,9.653398513793945,9.37761402130127,10.726932941131361,0.001,3.5013753130967373,0.03320211903156852,0.28560205935637484
step_61,hidden_0,9.578367233276367,9.311596870422363,10.73202028318882,0.001,11.761935827699812,0.07609983576009637,0.08502001835828431
step_61,hidden_1,9.578367233276367,9.311596870422363,10.73202028318882,0.001,3.4165363635998225,0.03366251245170909,0.2926940894451225
step_62,hidden_0,9.504324913024902,9.24642276763916,10.733984589554824,0.001,11.757481676925835,0.07555465623466212,0.08505222695456198
step_62,hidden_1,9.504324913024902,9.24642276763916,10.733984589554824,0.001,3.3341414006606027,0.034113468002248806,0.2999272915665386
step_63,hidden_0,9.431279182434082,9.18210506439209,10.735099201870085,0.001,11.753059422903057,0.07501389311939302,0.0850842290519957
step_63,hidden_1,9.431279182434082,9.18210506439209,10.735099201870085,0.001,3.254524801378999,0.03455513038028226,0.3072645197161449
step_64,hidden_0,9.3591947555542,9.118636131286621,10.734589865165011,0.001,11.748628460830684,0.07447738255183395,0.08511631832889668
step_64,hidden_1,9.3591947555542,9.118636131286621,10.734589865165011,0.001,3.177752538286366,0.03498744305481409,0.31468781409242763
step_65,hidden_0,9.288089752197266,9.055996894836426,10.733224968396266,0.001,11.74422810959891,0.07394521384902669,0.08514820988385521
step_65,hidden_1,9.288089752197266,9.055996894836426,10.733224968396266,0.001,3.1035107288789994,0.03541050219933896,0.3222157380332963
step_66,hidden_0,9.217965126037598,8.9942045211792,10.730286377545413,0.001,11.739831033947382,0.07341728678790188,0.08518010157968701
step_66,hidden_1,9.217965126037598,8.9942045211792,10.730286377545413,0.001,3.031874955214966,0.03582455123252914,0.32982890612950694
step_67,hidden_0,9.148813247680664,8.933253288269043,10.72684899434726,0.001,11.735417077451528,0.07289341117593133,0.08521213974758542
step_67,hidden_1,9.148813247680664,8.933253288269043,10.72684899434726,0.001,2.962941654225286,0.036229850917709444,0.33750242721585677
step_68,hidden_0,9.080628395080566,8.873135566711426,10.722034468819345,0.001,11.730977831232247,0.07237367965655095,0.08524438579515736
step_68,hidden_1,9.080628395080566,8.873135566711426,10.722034468819345,0.001,2.896589816913287,0.03662637482761726,0.3452335550449587
step_69,hidden_0,9.013404846191406,8.8138427734375,10.71710099400804,0.001,11.72649904712148,0.0718580511455448,0.08527694378191003
step_69,hidden_1,9.013404846191406,8.8138427734375,10.71710099400804,0.001,2.8327918211067145,0.03701383674202505,0.35300864417538463
step_70,hidden_0,8.947110176086426,8.755361557006836,10.711601669198155,0.001,11.722021680886836,0.07134667919916925,0.08530951632946855
step_70,hidden_1,8.947110176086426,8.755361557006836,10.711601669198155,0.001,2.7713466511057288,0.03739180145141696,0.36083540815834564
step_71,hidden_0,8.881732940673828,8.697693824768066,10.703903883662765,0.001,11.717479422238062,0.07083947468695408,0.08534258640148719
step_71,hidden_1,8.881732940673828,8.697693824768066,10.703903883662765,0.001,2.712311740369609,0.037760402101974344,0.36868918314814697
step_72,hidden_0,8.817299842834473,8.640851020812988,10.69572695143366,0.001,11.71294669065041,0.07033652938552651,0.08537561267979021
step_72,hidden_1,8.817299842834473,8.640851020812988,10.69572695143366,0.001,2.655752913945533,0.038119978311822435,0.376541053480139
step_73,hidden_0,8.75381851196289,8.584824562072754,10.686424133829012,0.001,11.708405178221772,0.06983774527946206,0.08540872858244185
step_73,hidden_1,8.75381851196289,8.584824562072754,10.686424133829012,0.001,2.601474366199552,0.03847058072792471,0.38439740671397904
step_74,hidden_0,8.69128704071045,8.5296049118042,10.676422917543945,0.001,11.703888069478689,0.06934308219916337,0.08544169203119709
step_74,hidden_1,8.69128704071045,8.5296049118042,10.676422917543945,0.001,2.5492671242648406,0.038811885918449814,0.3922696019109338
step_75,hidden_0,8.629678726196289,8.475181579589844,10.666002021923521,0.001,11.699403411614442,0.06885243538138854,0.08547444385132168
step_75,hidden_1,8.629678726196289,8.475181579589844,10.666002021923521,0.001,2.4989993101718646,0.03914398025378113,0.4001601744864934
step_76,hidden_0,8.568988800048828,8.421545028686523,10.654820838396644,0.001,11.694933421400874,0.06836573047344228,0.08550711354799789
step_76,hidden_1,8.568988800048828,8.421545028686523,10.654820838396644,0.001,2.450685546863131,0.039467093934562485,0.4080490870319926
step_77,hidden_0,8.509199142456055,8.368683815002441,10.642649537131952,0.001,11.69046111859455,0.06788288482182754,0.08553982514936262
step_77,hidden_1,8.509199142456055,8.368683815002441,10.642649537131952,0.001,2.404175192845579,0.03978144044580541,0.41594306562010613
step_78,hidden_0,8.45030403137207,8.316593170166016,10.629675548064393,0.001,11.685990625216052,0.06740382989774014,0.08557254853877755
step_78,hidden_1,8.45030403137207,8.316593170166016,10.629675548064393,0.001,2.3594196768519624,0.04008706871376903,0.423833033949366
step_79,hidden_0,8.392291069030762,8.265250205993652,10.616350606578383,0.001,11.68146458686524,0.06692844653751708,0.08560570402485408
step_79,hidden_1,8.392291069030762,8.265250205993652,10.616350606578383,0.001,2.3163197288518433,0.0403845574848408,0.43171932939313235
step_80,hidden_0,8.335152626037598,8.214668273925781,10.601915047404432,0.001,11.676936154610212,0.06645674239558894,0.0856389027703287
step_80,hidden_1,8.335152626037598,8.214668273925781,10.601915047404432,0.001,2.2749009394024955,0.04067384531693074,0.4395795802267552
step_81,hidden_0,8.278892517089844,8.164826393127441,10.587495259375611,0.001,11.67236509236269,0.06598854277719485,0.08567244016847168
step_81,hidden_1,8.278892517089844,8.164826393127441,10.587495259375611,0.001,2.2350437362588735,0.04095506933845162,0.4474185376228249
step_82,hidden_0,8.223494529724121,8.115730285644531,10.572047043309308,0.001,11.66777992701392,0.06552385893560499,0.0857061074390632
step_82,hidden_1,8.223494529724121,8.115730285644531,10.572047043309308,0.001,2.1966206510620507,0.04122813110435582,0.4552447412877171
step_83,hidden_0,8.168961524963379,8.06737995147705,10.556475437681645,0.001,11.66318728992053,0.06506257957689474,0.08573985610813369
step_83,hidden_1,8.168961524963379,8.06737995147705,10.556475437681645,0.001,2.1595482439126137,0.04149316154768979,0.4630598102259692
step_84,hidden_0,8.115277290344238,8.019769668579102,10.540433304177967,0.001,11.658593374494263,0.0646045842429542,0.08577364077108307
step_84,hidden_1,8.115277290344238,8.019769668579102,10.540433304177967,0.001,2.123781665011038,0.04174974446694501,0.4708581943590716
step_85,hidden_0,8.062444686889648,7.972904205322266,10.523488592414237,0.001,11.653992261677017,0.06414982590194854,0.08580750506317046
step_85,hidden_1,8.062444686889648,7.972904205322266,10.523488592414237,0.001,2.0891989590913447,0.04199781103113318,0.47865235412281176
step_86,hidden_0,8.010473251342773,7.926773548126221,10.506522870283968,0.001,11.649372793736166,0.06369826774942938,0.08584153136018594
step_86,hidden_1,8.010473251342773,7.926773548126221,10.506522870283968,0.001,2.0557669630064335,0.04223724108353223,0.48643645802030067
step_87,hidden_0,7.959352970123291,7.881365776062012,10.4887227370039,0.001,11.644768797458864,0.06324995234150216,0.08587547055620556
step_87,hidden_1,7.959352970123291,7.881365776062012,10.4887227370039,0.001,2.0234790212465756,0.042468024024596714,0.4941983531827992
step_88,hidden_0,7.909072399139404,7.836694240570068,10.470978400427862,0.001,11.640196480180387,0.06280498581695182,0.0859092027959053
step_88,hidden_1,7.909072399139404,7.836694240570068,10.470978400427862,0.001,1.9923186947656173,0.04269006732878361,0.5019277300500576
step_89,hidden_0,7.859633922576904,7.792748928070068,10.45254672514071,0.001,11.635622421543253,0.06236335895743736,0.08594297440835728
step_89,hidden_1,7.859633922576904,7.792748928070068,10.45254672514071,0.001,1.9622268715771198,0.04290354611654514,0.5096250665430243
step_90,hidden_0,7.811024188995361,7.749544143676758,10.433502445711737,0.001,11.631047217787495,0.061925129198791326,0.08597678104777087
step_90,hidden_1,7.811024188995361,7.749544143676758,10.433502445711737,0.001,1.9332451165049438,0.04310834597495315,0.5172649817979988
step_91,hidden_0,7.763248920440674,7.7070722579956055,10.414482504801185,0.001,11.626431483447043,0.06149016415141869,0.08601091413334651
step_91,hidden_1,7.763248920440674,7.7070722579956055,10.414482504801185,0.001,1.9053348303075837,0.04330440810203458,0.5248421348800762
step_92,hidden_0,7.716311454772949,7.665329456329346,10.395194164727863,0.001,11.621728371430692,0.0610583930339879,0.08604572125934958
step_92,hidden_1,7.716311454772949,7.665329456329346,10.395194164727863,0.001,1.8784294305141225,0.043491749013678985,0.5323596318049073
step_93,hidden_0,7.670206069946289,7.624326705932617,10.375088536190276,0.001,11.617000405299642,0.060629946564435676,0.08608074073439843
step_93,hidden_1,7.670206069946289,7.624326705932617,10.375088536190276,0.001,1.8524660689701842,0.04367020093684548,0.5398209536738863
step_94,hidden_0,7.624935150146484,7.584064483642578,10.355234143906662,0.001,11.61228779453511,0.06020481720700428,0.08611567485182486
step_94,hidden_1,7.624935150146484,7.584064483642578,10.355234143906662,0.001,1.8273983647218415,0.043839866840798596,0.5472260560724621
step_95,hidden_0,7.580498218536377,7.5445404052734375,10.334891280333414,0.001,11.607615317674329,0.05978299997998466,0.08615033946527764
step_95,hidden_1,7.580498218536377,7.5445404052734375,10.334891280333414,0.001,1.8032379747520513,0.044000981430965,0.5545579751543896
step_96,hidden_0,7.536895751953125,7.505733013153076,10.314347687275184,0.001,11.602916574235017,0.05936432923959389,0.08618522710234433
step_96,hidden_1,7.536895751953125,7.505733013153076,10.314347687275184,0.001,1.7799044371580806,0.044153935469736644,0.5618279156585899
step_97,hidden_0,7.4941277503967285,7.467636585235596,10.293615306923865,0.001,11.598196533021675,0.05894875260670501,0.08622030133330309
step_97,hidden_1,7.4941277503967285,7.467636585235596,10.293615306923865,0.001,1.7573596354774315,0.044299291915533494,0.5690354892715653
step_98,hidden_0,7.452179431915283,7.430250644683838,10.272763920573809,0.001,11.59348578617718,0.05853631625727816,0.08625533497373948
step_98,hidden_1,7.452179431915283,7.430250644683838,10.272763920573809,0.001,1.7355181335662733,0.044436972887350164,0.5761968029369562
step_99,hidden_0,7.411034107208252,7.393574237823486,10.251626997418434,0.001,11.588801704937593,0.058127044762066385,0.08629019854347271
step_99,hidden_1,7.411034107208252,7.393574237823486,10.251626997418434,0.001,1.7143844599423983,0.044567164738836415,0.58329973431607
step_100,hidden_0,7.370686054229736,7.357585430145264,10.230411767725785,0.001,11.584072188373403,0.057720816906765775,0.08632542889396623
step_100,hidden_1,7.370686054229736,7.357585430145264,10.230411767725785,0.001,1.6939235123038805,0.0446898387225201,0.5903454274862238
step_101,hidden_0,7.331132888793945,7.322276592254639,10.209255737103923,0.001,11.579292244969874,0.05731757048840962,0.08636106411723109
step_101,hidden_1,7.331132888793945,7.322276592254639,10.209255737103923,0.001,1.6741078217062184,0.04480494259374158,0.597333091115254
step_102,hidden_0,7.292353630065918,7.287642002105713,10.188194135028809,0.001,11.574489742664776,0.056917247105840826,0.08639689716203175
step_102,hidden_1,7.292353630065918,7.287642002105713,10.188194135028809,0.001,1.6549412476470073,0.04491235177687493,0.6042510581096449
step_103,hidden_0,7.254339218139648,7.253671169281006,10.167043724853029,0.001,11.569655268930688,0.05651974123216052,0.08643299880208305
step_103,hidden_1,7.254339218139648,7.253671169281006,10.167043724853029,0.001,1.6363677852598986,0.04501208115645069,0.6111095616815589
step_104,hidden_0,7.21707820892334,7.220358848571777,10.145585218802808,0.001,11.56484450717319,0.05612510796546552,0.08646895333350499
step_104,hidden_1,7.21707820892334,7.220358848571777,10.145585218802808,0.001,1.6183341719215203,0.045103757042126574,0.6179193502493094
step_105,hidden_0,7.180570125579834,7.187707424163818,10.124238752950872,0.001,11.560058947057508,0.05573330514942066,0.0865047492041154
step_105,hidden_1,7.180570125579834,7.187707424163818,10.124238752950872,0.001,1.6008610085473667,0.045187792602134715,0.6246638494290067
step_106,hidden_0,7.144808769226074,7.155697822570801,10.103047851029483,0.001,11.55524939659931,0.05534437575131413,0.08654075439464753
step_106,hidden_1,7.144808769226074,7.155697822570801,10.103047851029483,0.001,1.5839246621308956,0.04526453523880871,0.63134315912139
step_107,hidden_0,7.109766960144043,7.124321937561035,10.082218600939427,0.001,11.550430993594167,0.05495831921041243,0.08657685592464877
step_107,hidden_1,7.109766960144043,7.124321937561035,10.082218600939427,0.001,1.5675028394436445,0.04533409951738432,0.6379573770692059
step_108,hidden_0,7.075428009033203,7.093573093414307,10.060891541802773,0.001,11.54563287304926,0.05457511282643244,0.08661283543271846
step_108,hidden_1,7.075428009033203,7.093573093414307,10.060891541802773,0.001,1.5515819470627839,0.045396592010518065,0.644503502952613
step_109,hidden_0,7.041796684265137,7.063436508178711,10.039904539235936,0.001,11.540809734976659,0.05419462197109497,0.08664903269042781
step_109,hidden_1,7.041796684265137,7.063436508178711,10.039904539235936,0.001,1.5361554197153462,0.04545240549398526,0.650975797869009
step_110,hidden_0,7.00886344909668,7.033906936645508,10.018662762640089,0.001,11.535902555390333,0.05381690999759618,0.08668589173655374
step_110,hidden_1,7.00886344909668,7.033906936645508,10.018662762640089,0.001,1.5212115434879558,0.0455020165341155,0.6573707675837903
step_111,hidden_0,6.976623058319092,7.004973888397217,9.997539422797635,0.001,11.530947322534548,0.05344194160916366,0.08672314355696806
step_111,hidden_1,6.976623058319092,7.004973888397217,9.997539422797635,0.001,1.5067047484137044,0.04554558197694188,0.6637000388117343
step_112,hidden_0,6.945071220397949,6.976645469665527,9.97608915368447,0.001,11.525951501309489,0.05306973081901905,0.08676073293266831
step_112,hidden_1,6.945071220397949,6.976645469665527,9.97608915368447,0.001,1.4926258924363356,0.04558266208765342,0.6699602392450476
step_113,hidden_0,6.914201736450195,6.948913097381592,9.954977348181579,0.001,11.520935476212426,0.05270021046369298,0.08679850712337778
step_113,hidden_1,6.914201736450195,6.948913097381592,9.954977348181579,0.001,1.4789432376677831,0.04561373435826322,0.6761584721648602
step_114,hidden_0,6.884008884429932,6.92177677154541,9.933996405773877,0.001,11.515946573815318,0.052333373430684844,0.08683610970146179
step_114,hidden_1,6.884008884429932,6.92177677154541,9.933996405773877,0.001,1.465668526635144,0.045639068253882434,0.6822825091944783
step_115,hidden_0,6.854487895965576,6.8952178955078125,9.913083451450047,0.001,11.510942914783747,0.05196905632829736,0.08687385624297371
step_115,hidden_1,6.854487895965576,6.8952178955078125,9.913083451450047,0.001,1.4527699320401002,0.045658693319405426,0.688340237463283
step_116,hidden_0,6.825625419616699,6.869232177734375,9.89207251608917,0.001,11.505918829025966,0.051607256178662284,0.08691178991088494
step_116,hidden_1,6.825625419616699,6.869232177734375,9.89207251608917,0.001,1.4402197538070176,0.045672282676304965,0.6943384836630946
step_117,hidden_0,6.7974114418029785,6.843807220458984,9.871758696114107,0.001,11.500918734849336,0.05124794129979933,0.08694957533869578
step_117,hidden_1,6.7974114418029785,6.843807220458984,9.871758696114107,0.001,1.427980351832543,0.045679869302318855,0.7002897474861535
step_118,hidden_0,6.769826889038086,6.818941593170166,9.851099444651508,0.001,11.495935647558468,0.05089106663322813,0.08698726494805858
step_118,hidden_1,6.769826889038086,6.818941593170166,9.851099444651508,0.001,1.4160192018125666,0.04568159787777137,0.7062051126990059
step_119,hidden_0,6.742865085601807,6.7946271896362305,9.830688767731461,0.001,11.490969901133335,0.05053660906563444,0.08702485591763422
step_119,hidden_1,6.742865085601807,6.7946271896362305,9.830688767731461,0.001,1.4043442039605998,0.04567792736480564,0.7120761400088037
step_120,hidden_0,6.716530799865723,6.770843982696533,9.810277896482438,0.001,11.485927697649933,0.05018447436845681,0.08706305892945887
step_120,hidden_1,6.716530799865723,6.770843982696533,9.810277896482438,0.001,1.3929502889544492,0.04566886309132531,0.7179007089697377
step_121,hidden_0,6.690811634063721,6.747591972351074,9.789787061262349,0.001,11.480876708541953,0.049834743409300025,0.0871013621508525
step_121,hidden_1,6.690811634063721,6.747591972351074,9.789787061262349,0.001,1.381863812378127,0.04565484281071803,0.7236603137316722
step_122,hidden_0,6.665703296661377,6.724852085113525,9.769471774330485,0.001,11.47576314237698,0.049487338984543675,0.08714017426059123
step_122,hidden_1,6.665703296661377,6.724852085113525,9.769471774330485,0.001,1.3710751944988437,0.04563638764942058,0.7293545999608874
step_123,hidden_0,6.641195297241211,6.702625751495361,9.749501735764417,0.001,11.470609957355597,0.04914237514193245,0.08717932208642
step_123,hidden_1,6.641195297241211,6.702625751495361,9.749501735764417,0.001,1.360607497440643,0.04561390839722947,0.7349658162850343
step_124,hidden_0,6.617269992828369,6.680904388427734,9.729803388754224,0.001,11.465450224032782,0.048799961577101515,0.08721855491587199
step_124,hidden_1,6.617269992828369,6.680904388427734,9.729803388754224,0.001,1.3504555289851465,0.045587513737069686,0.7404908777347816
step_125,hidden_0,6.593916416168213,6.659680366516113,9.710076506822285,0.001,11.460285462893825,0.04846012675373223,0.08725786135413516
step_125,hidden_1,6.593916416168213,6.659680366516113,9.710076506822285,0.001,1.3406027397576312,0.04555721514324725,0.7459331316753768
step_126,hidden_0,6.571121692657471,6.6389288902282715,9.690528909277516,0.001,11.455056791032815,0.048122987661781594,0.08729769029017949
step_126,hidden_1,6.571121692657471,6.6389288902282715,9.690528909277516,0.001,1.3310270803553772,0.045523061739369576,0.7512995150579546
step_127,hidden_0,6.5488600730896,6.618641376495361,9.671135575141324,0.001,11.449752596280748,0.047788502161298776,0.0873381316837215
step_127,hidden_1,6.5488600730896,6.618641376495361,9.671135575141324,0.001,1.3217289178610272,0.04548534313404336,0.7565847932103311
step_128,hidden_0,6.527121543884277,6.598810195922852,9.651862159824606,0.001,11.444361704219752,0.04745654616302661,0.08737927250510452
step_128,hidden_1,6.527121543884277,6.598810195922852,9.651862159824606,0.001,1.3127225095324362,0.045444123683964756,0.7617756172674899
step_129,hidden_0,6.505899429321289,6.579399585723877,9.633062439253624,0.001,11.438899724421946,0.0471269757335452,0.08742099538341168
step_129,hidden_1,6.505899429321289,6.579399585723877,9.633062439253624,0.001,1.3039429662445223,0.045399333473820046,0.7669047081714728
step_130,hidden_0,6.485189914703369,6.560417652130127,9.614324014207114,0.001,11.43342034882524,0.04679977826245995,0.08746289119884829
step_130,hidden_1,6.485189914703369,6.560417652130127,9.614324014207114,0.001,1.2953579167422045,0.04535085651575663,0.7719874075537185
step_131,hidden_0,6.464986801147461,6.541872501373291,9.595176720547917,0.001,11.427942110445462,0.046474849639304594,0.08750481848223327
step_131,hidden_1,6.464986801147461,6.541872501373291,9.595176720547917,0.001,1.2869779047525736,0.04529858614428042,0.7770141167981076
step_132,hidden_0,6.445290565490723,6.523767471313477,9.576688542410762,0.001,11.422492140199836,0.046152195388972965,0.0875465693235754
step_132,hidden_1,6.445290565490723,6.523767471313477,9.576688542410762,0.001,1.2788352140468298,0.0452428687742545,0.781961576453259
step_133,hidden_0,6.426095008850098,6.506097316741943,9.558382744063717,0.001,11.417108927939935,0.04583166253041007,0.08758784787914226
step_133,hidden_1,6.426095008850098,6.506097316741943,9.558382744063717,0.001,1.2709454321521154,0.04518379584442785,0.7868158417365578
step_134,hidden_0,6.407383918762207,6.488847732543945,9.540616485873286,0.001,11.411761071671396,0.045513170597993965,0.08762889388583539
step_134,hidden_1,6.407383918762207,6.488847732543945,9.540616485873286,0.001,1.2632705224304677,0.04512170725822667,0.7915960851172648
step_135,hidden_0,6.389161586761475,6.472019195556641,9.522829717320507,0.001,11.40644883641455,0.04519672429413672,0.08766970459794175
step_135,hidden_1,6.389161586761475,6.472019195556641,9.522829717320507,0.001,1.2558262970300813,0.045056718112138246,0.7962884694841253
step_136,hidden_0,6.371419906616211,6.455601692199707,9.505746038619685,0.001,11.401165312241899,0.04488238804047019,0.08771033246279299
step_136,hidden_1,6.371419906616211,6.455601692199707,9.505746038619685,0.001,1.2485831428169938,0.04498876012304983,0.8009078175954287
step_137,hidden_0,6.354142665863037,6.4395833015441895,9.488286562861683,0.001,11.39583628103598,0.0445700821855651,0.08775134841697563
step_137,hidden_1,6.354142665863037,6.4395833015441895,9.488286562861683,0.001,1.241541983518845,0.04491795471568932,0.8054500075508895
step_138,hidden_0,6.337334156036377,6.423954963684082,9.470838962023702,0.001,11.390490938532055,0.04425983728014048,0.08779252846926672
step_138,hidden_1,6.337334156036377,6.423954963684082,9.470838962023702,0.001,1.2346928467238625,0.044844336272279565,0.8099180315601592
step_139,hidden_0,6.320980072021484,6.408712863922119,9.453961576944309,0.001,11.385158117580563,0.04395180668947768,0.08783365058899226
step_139,hidden_1,6.320980072021484,6.408712863922119,9.453961576944309,0.001,1.2280424161129566,0.04476822180802719,0.8143041208342261
step_140,hidden_0,6.3050689697265625,6.3938493728637695,9.437103259826738,0.001,11.37980652581651,0.043646000410403944,0.08787495619818977
step_140,hidden_1,6.3050689697265625,6.3938493728637695,9.437103259826738,0.001,1.2215581413070729,0.04468972438958397,0.8186266098885767
step_141,hidden_0,6.289593696594238,6.379356861114502,9.420398875359558,0.001,11.374386631294112,0.04334242321293447,0.08791682860935296
step_141,hidden_1,6.289593696594238,6.379356861114502,9.420398875359558,0.001,1.2152164740634612,0.04460896346710226,0.8228986533207399
step_142,hidden_0,6.274539947509766,6.3652119636535645,9.404177355161632,0.001,11.368801703039686,0.04304099363669122,0.08796001778557094
step_142,hidden_1,6.274539947509766,6.3652119636535645,9.404177355161632,0.001,1.2090325359678,0.04452627162072401,0.8271076007061507
step_143,hidden_0,6.259894847869873,6.351422309875488,9.38857695846058,0.001,11.363152813799696,0.04274192297171126,0.08800374476928402
step_143,hidden_1,6.259894847869873,6.351422309875488,9.38857695846058,0.001,1.2030245160341555,0.04444162077985994,0.831238255473431
step_144,hidden_0,6.245642185211182,6.337984561920166,9.37256930787127,0.001,11.357412924701878,0.042445095194050965,0.0880482207197947
step_144,hidden_1,6.245642185211182,6.337984561920166,9.37256930787127,0.001,1.1971929338378307,0.04435516567010658,0.8352872554921528
step_145,hidden_0,6.231785297393799,6.324896335601807,9.357185348701805,0.001,11.35161050921182,0.042150395702832986,0.08809322687635389
step_145,hidden_1,6.231785297393799,6.324896335601807,9.357185348701805,0.001,1.1915306171211462,0.044266977182449284,0.8392566549536907
step_146,hidden_0,6.218321323394775,6.312149524688721,9.3417310347409,0.001,11.345731019426028,0.041857773511939735,0.08813887781120597
step_146,hidden_1,6.218321323394775,6.312149524688721,9.3417310347409,0.001,1.186028977162087,0.04417712922135962,0.8431497199948567
step_147,hidden_0,6.205245494842529,6.299741744995117,9.326552264913468,0.001,11.339772807690252,0.04156722235429713,0.08818518827130589
step_147,hidden_1,6.205245494842529,6.299741744995117,9.326552264913468,0.001,1.1806836627097859,0.04408555421031145,0.8469669155113919
step_148,hidden_0,6.192541122436523,6.287665843963623,9.31218331358604,0.001,11.333793976555079,0.041278727824900725,0.08823170794074654
step_148,hidden_1,6.192541122436523,6.287665843963623,9.31218331358604,0.001,1.1754854210440526,0.043992225220885965,0.8507123798369286
step_149,hidden_0,6.180208683013916,6.2759175300598145,9.297163824839656,0.001,11.32777969714365,0.040992259286773185,0.08827855296763534
step_149,hidden_1,6.180208683013916,6.2759175300598145,9.297163824839656,0.001,1.1704297175394307,0.04389729545161471,0.854387055467353
step_150,hidden_0,6.1682448387146,6.2644944190979,9.282666008708373,0.001,11.32177276810017,0.04070776993075643,0.08832539042097409
step_150,hidden_1,6.1682448387146,6.2644944190979,9.282666008708373,0.001,1.165513947841513,0.04380081668429406,0.8579905902043999
step_151,hidden_0,6.156642913818359,6.253392219543457,9.268335320776037,0.001,11.31576384595248,0.04042531435839366,0.08837229316673029
step_151,hidden_1,6.156642913818359,6.253392219543457,9.268335320776037,0.001,1.1607300927755804,0.04370288791731323,0.8615267289303781
step_152,hidden_0,6.145384311676025,6.2425971031188965,9.25413308777438,0.001,11.309723856332402,0.04014475839775018,0.08841948863677093
step_152,hidden_1,6.145384311676025,6.2425971031188965,9.25413308777438,0.001,1.1560764591663146,0.04360359705081335,0.8649946913728642
step_153,hidden_0,6.134469032287598,6.2321038246154785,9.240285246506474,0.001,11.303696432304555,0.039866076831131345,0.08846663620071436
step_153,hidden_1,6.134469032287598,6.2321038246154785,9.240285246506474,0.001,1.1515526948717856,0.043502810405986955,0.8683927400398646
step_154,hidden_0,6.123898983001709,6.221918106079102,9.226500877423081,0.001,11.297730975842272,0.03958932821153259,0.08851334857754016
step_154,hidden_1,6.123898983001709,6.221918106079102,9.226500877423081,0.001,1.1471631625969227,0.043400407079117756,0.8717155785722948
step_155,hidden_0,6.113670825958252,6.2120256423950195,9.212913321863542,0.001,11.291763233918733,0.039314532634871474,0.08856012823543383
step_155,hidden_1,6.113670825958252,6.2120256423950195,9.212913321863542,0.001,1.1429048878561296,0.043296755410787924,0.8749634467622307
step_156,hidden_0,6.10377311706543,6.202420234680176,9.199956348298645,0.001,11.285812560787644,0.03904169036204696,0.08860682335576636
step_156,hidden_1,6.10377311706543,6.202420234680176,9.199956348298645,0.001,1.1387737995329301,0.043191934383252945,0.8781375198570178
step_157,hidden_0,6.094188213348389,6.193100452423096,9.188048768090475,0.001,11.279862909188891,0.03877081457556602,0.08865355971528449
step_157,hidden_1,6.094188213348389,6.193100452423096,9.188048768090475,0.001,1.134760001512214,0.04308600467664896,0.8812436098094497
step_158,hidden_0,6.084908485412598,6.184051036834717,9.174844498005806,0.001,11.273886551172062,0.038501897718424806,0.08870055552368827
step_158,hidden_1,6.084908485412598,6.184051036834717,9.174844498005806,0.001,1.1308587039842273,0.04297905229887656,0.8842837716832461
step_159,hidden_0,6.075933933258057,6.175266742706299,9.161983596808486,0.001,11.26780720327165,0.03823487522831136,0.0887484123538825
step_159,hidden_1,6.075933933258057,6.175266742706299,9.161983596808486,0.001,1.1270633175921805,0.04287112164880762,0.8872615978101086
step_160,hidden_0,6.067256450653076,6.166717529296875,9.149300256655419,0.001,11.26161102086674,0.03796968763920034,0.08879724207727394
step_160,hidden_1,6.067256450653076,6.166717529296875,9.149300256655419,0.001,1.1233682194820085,0.04276254433596696,0.8901800697736542
step_161,hidden_0,6.0588698387146,6.158425807952881,9.137041542719317,0.001,11.255336443063419,0.037706372330688735,0.08884674439174962
step_161,hidden_1,6.0588698387146,6.158425807952881,9.137041542719317,0.001,1.1197764823432574,0.04265330573688937,0.8930353653323637
step_162,hidden_0,6.050772666931152,6.150395393371582,9.12439067880246,0.001,11.249016997444066,0.03744495023890519,0.08889665650138265
step_162,hidden_1,6.050772666931152,6.150395393371582,9.12439067880246,0.001,1.116284293637833,0.04254330360648001,0.8958291411062707
step_163,hidden_0,6.042963027954102,6.142617225646973,9.112434396057568,0.001,11.242627054305267,0.037185408478997026,0.08894718246631321
step_163,hidden_1,6.042963027954102,6.142617225646973,9.112434396057568,0.001,1.112887822190413,0.0424325454387501,0.8985631615878189
step_164,hidden_0,6.035434722900391,6.135095119476318,9.100312377516826,0.001,11.236219842560637,0.03692776488465345,0.0889979026765027
step_164,hidden_1,6.035434722900391,6.135095119476318,9.100312377516826,0.001,1.1095847641861125,0.042320940837903775,0.9012380417223071
step_165,hidden_0,6.028191566467285,6.127833366394043,9.08850944381826,0.001,11.229784935008157,0.036671959388555345,0.08904890038299507
step_165,hidden_1,6.028191566467285,6.127833366394043,9.08850944381826,0.001,1.1063673681947002,0.04220851575281106,0.903858906858159
step_166,hidden_0,6.021227836608887,6.12082052230835,9.076952575982485,0.001,11.22333362292795,0.03641797446314651,0.08910008680104793
step_166,hidden_1,6.021227836608887,6.12082052230835,9.076952575982485,0.001,1.1032406031795787,0.04209542750728218,0.906420591408587
step_167,hidden_0,6.014543056488037,6.1140546798706055,9.06528770210184,0.001,11.216894644289786,0.036165830191519706,0.08915123407253117
step_167,hidden_1,6.014543056488037,6.1140546798706055,9.06528770210184,0.001,1.1002036039091796,0.041981653061083576,0.9089226725370269
step_168,hidden_0,6.008126258850098,6.107534885406494,9.054131169800291,0.001,11.210466490496849,0.03591548857589727,0.08920235396517205
step_168,hidden_1,6.008126258850098,6.107534885406494,9.054131169800291,0.001,1.0972509877537817,0.041867206160122065,0.9113685120002787
step_169,hidden_0,6.001979827880859,6.1012468338012695,9.042883258142723,0.001,11.204003377533422,0.035666850624676776,0.089253811008771
step_169,hidden_1,6.001979827880859,6.1012468338012695,9.042883258142723,0.001,1.0943779187166345,0.041752073157033553,0.9137611266615189
step_170,hidden_0,5.996096611022949,6.095193386077881,9.031798219869353,0.001,11.19752093884511,0.035419918606653215,0.08930548158484963
step_170,hidden_1,5.996096611022949,6.095193386077881,9.031798219869353,0.001,1.091583826215866,0.041636134085544806,0.9161000520378224
step_171,hidden_0,5.990471839904785,6.089366436004639,9.020832535667902,0.001,11.191011316644165,0.03517471155270014,0.08935742907459313
step_171,hidden_1,5.990471839904785,6.089366436004639,9.020832535667902,0.001,1.0888649914482484,0.041519559220012846,0.9183875024487166
step_172,hidden_0,5.985103607177734,6.08375358581543,9.010100190507636,0.001,11.184472963581296,0.0349312431203468,0.08940966670992762
step_172,hidden_1,5.985103607177734,6.08375358581543,9.010100190507636,0.001,1.086219226639767,0.04140247546094066,0.920624470157385
step_173,hidden_0,5.979969501495361,6.078347682952881,8.99958336697928,0.001,11.177894873761161,0.034689437824042914,0.0894622834884041
step_173,hidden_1,5.979969501495361,6.078347682952881,8.99958336697928,0.001,1.0836439902024444,0.04128500327281984,0.922812297250116
step_174,hidden_0,5.975086212158203,6.073138236999512,8.9891982146246,0.001,11.171267689286672,0.03444932390976315,0.0895153556260233
step_174,hidden_1,5.975086212158203,6.073138236999512,8.9891982146246,0.001,1.081142930883509,0.04116716889692912,0.9249470827902476
step_175,hidden_0,5.970442295074463,6.068134784698486,8.979010967571877,0.001,11.164638677554887,0.034210996799680475,0.08956850542869563
step_175,hidden_1,5.970442295074463,6.068134784698486,8.979010967571877,0.001,1.078714914875743,0.04104886703958222,0.9270289918214304
step_176,hidden_0,5.966026782989502,6.063328266143799,8.969443996914874,0.001,11.157983482213657,0.03397447701574273,0.08962192869294405
step_176,hidden_1,5.966026782989502,6.063328266143799,8.969443996914874,0.001,1.0763592332744056,0.04093020245540558,0.9290578545583594
step_177,hidden_0,5.961836338043213,6.058713912963867,8.959497926064197,0.001,11.151305888573315,0.033739786638202825,0.08967559584431226
step_177,hidden_1,5.961836338043213,6.058713912963867,8.959497926064197,0.001,1.074074183106589,0.04081126859018993,0.9310343882464979
step_178,hidden_0,5.957866191864014,6.054281234741211,8.94964337675578,0.001,11.144525222293055,0.03350686244282141,0.08973015718961636
step_178,hidden_1,5.957866191864014,6.054281234741211,8.94964337675578,0.001,1.0718542809409777,0.04069221396016447,0.9329626403340041
step_179,hidden_0,5.954111099243164,6.050027847290039,8.940074347336749,0.001,11.137683102207644,0.033275689338934426,0.08978528036964763
step_179,hidden_1,5.954111099243164,6.050027847290039,8.940074347336749,0.001,1.0697002628962582,0.04057302272336884,0.9348413146056992
step_180,hidden_0,5.950561046600342,6.045961856842041,8.930521363553801,0.001,11.130822981788526,0.03304629138817852,0.08984061660455206
step_180,hidden_1,5.950561046600342,6.045961856842041,8.930521363553801,0.001,1.0676096258512053,0.040453599377336,0.9366719592872721
step_181,hidden_0,5.947216987609863,6.042079925537109,8.921683036825707,0.001,11.123913331355944,0.03281860167095505,0.08989642135930823
step_181,hidden_1,5.947216987609863,6.042079925537109,8.921683036825707,0.001,1.0655788291997113,0.040334022078352266,0.9384570832277482
step_182,hidden_0,5.944066047668457,6.038380146026611,8.912669117364361,0.001,11.116984957196427,0.032592605508148347,0.0899524469854269
step_182,hidden_1,5.944066047668457,6.038380146026611,8.912669117364361,0.001,1.0636056189180978,0.04021435527840902,0.9401981168708026
step_183,hidden_0,5.9411211013793945,6.034859657287598,8.903386229799192,0.001,11.110051705773648,0.03236830812837042,0.09000858200149708
step_183,hidden_1,5.9411211013793945,6.034859657287598,8.903386229799192,0.001,1.061688140909414,0.04009464445094297,0.9418961759744499
step_184,hidden_0,5.938381195068359,6.031515121459961,8.894350141571637,0.001,11.103101297250841,0.03214569381942197,0.09006492629654768
step_184,hidden_1,5.938381195068359,6.031515121459961,8.894350141571637,0.001,1.0598251550448663,0.03997490890282146,0.9435518634747505
step_185,hidden_0,5.935842990875244,6.028350830078125,8.885563831589602,0.001,11.096155585957899,0.03192473652197137,0.09012130302728383
step_185,hidden_1,5.935842990875244,6.028350830078125,8.885563831589602,0.001,1.0580158218106652,0.03985503674364423,0.9451654496892322
step_186,hidden_0,5.933505058288574,6.025366306304932,8.876960912791182,0.001,11.089205595888096,0.03170538304065859,0.09017778517613582
step_186,hidden_1,5.933505058288574,6.025366306304932,8.876960912791182,0.001,1.0562600830076676,0.03973496197591773,0.9467365245428296
step_187,hidden_0,5.9313645362854,6.02255916595459,8.86843943475185,0.001,11.082213304300085,0.0314875456944787,0.09023468259828415
step_187,hidden_1,5.9313645362854,6.02255916595459,8.86843943475185,0.001,1.0545567587888094,0.03961471530533885,0.9482656970958401
step_188,hidden_0,5.929419994354248,6.019934177398682,8.860106529229103,0.001,11.075233361975261,0.031271154910599314,0.09029155118602852
step_188,hidden_1,5.929419994354248,6.019934177398682,8.860106529229103,0.001,1.0529025761617112,0.03949436763828651,0.9497554879630324
step_189,hidden_0,5.927669525146484,6.017477512359619,8.852480855833704,0.001,11.068219362498988,0.03105618224084398,0.09034876950380748
step_189,hidden_1,5.927669525146484,6.017477512359619,8.852480855833704,0.001,1.0512950726945942,0.03937403032586777,0.9512077303253036
step_190,hidden_0,5.92611837387085,6.015188217163086,8.844139471433293,0.001,11.061194191592094,0.03084265957383866,0.09040615169383126
step_190,hidden_1,5.92611837387085,6.015188217163086,8.844139471433293,0.001,1.049732857489238,0.039253678210266735,0.9526233201767261
step_191,hidden_0,5.9247612953186035,6.013055801391602,8.835859745580397,0.001,11.054156645578319,0.03063060135512374,0.09046370809300967
step_191,hidden_1,5.9247612953186035,6.013055801391602,8.835859745580397,0.001,1.0482152683430952,0.03913329448437666,0.9540025128432744
step_192,hidden_0,5.923591136932373,6.011085033416748,8.827910957449168,0.001,11.04709862409331,0.030420033903923373,0.09052150560320311
step_192,hidden_1,5.923591136932373,6.011085033416748,8.827910957449168,0.001,1.0467410811080926,0.039012909830317855,0.9553460908798841
step_193,hidden_0,5.922598838806152,6.009259223937988,8.820061666612188,0.001,11.039939528274031,0.030211115227215233,0.09058020629904108
step_193,hidden_1,5.922598838806152,6.009259223937988,8.820061666612188,0.001,1.045310425038429,0.03889272926499204,0.9566536179558687
step_194,hidden_0,5.921765327453613,6.007569789886475,8.81226195066438,0.001,11.032642177111219,0.0300037869396153,0.09064011901651645
step_194,hidden_1,5.921765327453613,6.007569789886475,8.81226195066438,0.001,1.0439212265605733,0.03877283123201809,0.9579266850380259
step_195,hidden_0,5.921087741851807,6.006021022796631,8.80523873322241,0.001,11.025298171222614,0.0297980919762879,0.09070049485011872
step_195,hidden_1,5.921087741851807,6.006021022796631,8.80523873322241,0.001,1.0425720864144272,0.038653127304396746,0.959166289823815
step_196,hidden_0,5.920555591583252,6.004616737365723,8.797735948756445,0.001,11.01791088657228,0.02959392122426526,0.09076130768299438
step_196,hidden_1,5.920555591583252,6.004616737365723,8.797735948756445,0.001,1.041262411563542,0.03853347629363339,0.9603727061446662
step_197,hidden_0,5.9201836585998535,6.003358364105225,8.790248384299023,0.001,11.010493879060345,0.029391159745568114,0.09082244729292215
step_197,hidden_1,5.9201836585998535,6.003358364105225,8.790248384299023,0.001,1.0399913599789392,0.03841378170153278,0.9615464497899779
step_198,hidden_0,5.919978141784668,6.0022501945495605,8.782987936106336,0.001,11.00310751363385,0.029189763790515383,0.09088341623136093
step_198,hidden_1,5.919978141784668,6.0022501945495605,8.782987936106336,0.001,1.038757569596103,0.038293976825075605,0.9626885322133699
step_199,hidden_0,5.919939994812012,6.001296520233154,8.77572234265385,0.001,10.995760907694757,0.02898969838745375,0.09094413823605485
step_199,hidden_1,5.919939994812012,6.001296520233154,8.77572234265385,0.001,1.0375595764340961,0.038174088462955176,0.9638000773283963
step_200,hidden_0,5.9200758934021,6.000497817993164,8.768696782561223,0.001,10.988478237691115,0.028790991938821068,0.09100441192757175
step_200,hidden_1,5.9200758934021,6.000497817993164,8.768696782561223,0.001,1.0363965873820786,0.03805410702038368,0.9648816024433119
step_201,hidden_0,5.920377254486084,5.99984884262085,8.761992693409194,0.001,10.981227181712077,0.028593640419584784,0.09106450339770591
step_201,hidden_1,5.920377254486084,5.99984884262085,8.761992693409194,0.001,1.035267482226524,0.03793416340814976,0.9659339418729977
step_202,hidden_0,5.920839786529541,5.99934196472168,8.755066954521277,0.001,10.973993778226347,0.028397680140786415,0.09112452769784814
step_202,hidden_1,5.920839786529541,5.99934196472168,8.755066954521277,0.001,1.0341710306610845,0.03781440573087966,0.9669580469303602
step_203,hidden_0,5.921460151672363,5.998976230621338,8.74818239525719,0.001,10.966775751480064,0.02820317378878884,0.0911845033272465
step_203,hidden_1,5.921460151672363,5.998976230621338,8.74818239525719,0.001,1.03310594842539,0.03769487043199419,0.9679549338808392
step_204,hidden_0,5.922231674194336,5.998742580413818,8.741399449862856,0.001,10.959540609687188,0.02801013453273284,0.09124470044995275
step_204,hidden_1,5.922231674194336,5.998742580413818,8.741399449862856,0.001,1.0320717761184095,0.037575631624898936,0.9689248588513577
step_205,hidden_0,5.923148155212402,5.99860954284668,8.734804064936542,0.001,10.952201922256245,0.027818586969974763,0.09130584033224176
step_205,hidden_1,5.923148155212402,5.99860954284668,8.734804064936542,0.001,1.0310674837244003,0.03745693268504184,0.9698686223600235
step_206,hidden_0,5.924174785614014,5.998572826385498,8.728421736747876,0.001,10.94473161374992,0.027628484407441603,0.09136816098292398
step_206,hidden_1,5.924174785614014,5.998572826385498,8.728421736747876,0.001,1.0300917057752348,0.03733879918575573,0.9707873526147964
step_207,hidden_0,5.925313949584961,5.998637676239014,8.721844682685223,0.001,10.93715565723726,0.027439857156479116,0.09143144994359541
step_207,hidden_1,5.925313949584961,5.998637676239014,8.721844682685223,0.001,1.0291443025418696,0.03722113812182462,0.9716810339717312
step_208,hidden_0,5.926568984985352,5.998816967010498,8.715775780788865,0.001,10.929530949383908,0.02725266759439334,0.09149523475720332
step_208,hidden_1,5.926568984985352,5.998816967010498,8.715775780788865,0.001,1.0282248376042917,0.037103831635894174,0.9725499359944911
step_209,hidden_0,5.927943229675293,5.999110698699951,8.709541277109393,0.001,10.921871744655006,0.027066815815241344,0.09155939781927805
step_209,hidden_1,5.927943229675293,5.999110698699951,8.709541277109393,0.001,1.0273329171925614,0.03698678683503158,0.9733942943566383
step_210,hidden_0,5.929449558258057,5.999528884887695,8.703287414550969,0.001,10.914214445805323,0.026882270477243314,0.0916236349363954
step_210,hidden_1,5.929449558258057,5.999528884887695,8.703287414550969,0.001,1.026467913944013,0.03686988272320622,0.9742145725312398
step_211,hidden_0,5.931097030639648,6.000068187713623,8.69713140176315,0.001,10.906524253539903,0.02669895480827926,0.09168823877831038
step_211,hidden_1,5.931097030639648,6.000068187713623,8.69713140176315,0.001,1.025628921883933,0.03675316810393791,0.9750115062698737
step_212,hidden_0,5.932888984680176,6.000739574432373,8.691022606808712,0.001,10.89887355228773,0.026516915347575675,0.0917526013309967
step_212,hidden_1,5.932888984680176,6.000739574432373,8.691022606808712,0.001,1.0248147575937299,0.03663659289567917,0.9757861043570498
step_213,hidden_0,5.93482780456543,6.001532077789307,8.685042357682486,0.001,10.891237913018918,0.026336120934839665,0.0918169273306061
step_213,hidden_1,5.93482780456543,6.001532077789307,8.685042357682486,0.001,1.024024571671859,0.03652024059121129,0.9765390671899253
step_214,hidden_0,5.9369072914123535,6.002412796020508,8.679133811050662,0.001,10.88361074284725,0.026156676430017952,0.0918812720913603
step_214,hidden_1,5.9369072914123535,6.002412796020508,8.679133811050662,0.001,1.0232577712257083,0.03640439071965506,0.9772708579600143
step_215,hidden_0,5.939113616943359,6.003385066986084,8.673653569284136,0.001,10.875936692005173,0.02597858797904938,0.09194610343172493
step_215,hidden_1,5.939113616943359,6.003385066986084,8.673653569284136,0.001,1.0225142697302472,0.036289157861274964,0.9779814615827447
step_216,hidden_0,5.941432952880859,6.004429817199707,8.66799940002462,0.001,10.868176524713663,0.025801922377108565,0.09201175539668982
step_216,hidden_1,5.941432952880859,6.004429817199707,8.66799940002462,0.001,1.0217927268645242,0.03617479486863824,0.9786720669549123
step_217,hidden_0,5.943849086761475,6.00556755065918,8.662173973738978,0.001,10.860377771113672,0.02562666002925032,0.09207782832930456
step_217,hidden_1,5.943849086761475,6.00556755065918,8.662173973738978,0.001,1.0210929763224146,0.03606105317452655,0.9793427466337263
step_218,hidden_0,5.9463677406311035,6.006803035736084,8.656383842313044,0.001,10.852524536740026,0.025452673744156332,0.09214445879524255
step_218,hidden_1,5.9463677406311035,6.006803035736084,8.656383842313044,0.001,1.0204143642601446,0.035947821794275955,0.9799940446007479
step_219,hidden_0,5.948993682861328,6.0081095695495605,8.650851648315832,0.001,10.844650531073292,0.025280105429190874,0.09221136237951508
step_219,hidden_1,5.948993682861328,6.0081095695495605,8.650851648315832,0.001,1.019756497501725,0.03583524698990856,0.9806262597491402
step_220,hidden_0,5.951714992523193,6.009509086608887,8.645201294144734,0.001,10.836770225809047,0.02510882642934031,0.09227841683109438
step_220,hidden_1,5.951714992523193,6.009509086608887,8.645201294144734,0.001,1.0191189834519472,0.035723061085695604,0.9812396945181144
step_221,hidden_0,5.9545369148254395,6.0109968185424805,8.640500564646956,0.001,10.828843773644733,0.024938781585298154,0.09234596240401977
step_221,hidden_1,5.9545369148254395,6.0109968185424805,8.640500564646956,0.001,1.0185013049483453,0.03561116177316555,0.9818347754112268
step_222,hidden_0,5.957454681396484,6.012579441070557,8.635863190299043,0.001,10.820917616214325,0.024769923845352083,0.0924136044157268
step_222,hidden_1,5.957454681396484,6.012579441070557,8.635863190299043,0.001,1.0179026378192229,0.035499426221120844,0.9824122296631652
step_223,hidden_0,5.960476875305176,6.014254093170166,8.630733804340847,0.001,10.812984681547636,0.024602197693109673,0.0924814035579372
step_223,hidden_1,5.960476875305176,6.014254093170166,8.630733804340847,0.001,1.017322083091002,0.03538780531274963,0.9829728624012849
step_224,hidden_0,5.963602066040039,6.015976428985596,8.626015622990561,0.001,10.804965224757971,0.024435958280003868,0.09255004335494284
step_224,hidden_1,5.963602066040039,6.015976428985596,8.626015622990561,0.001,1.0167599689753675,0.03527688583405142,0.9835162973693219
step_225,hidden_0,5.966794490814209,6.017752170562744,8.620935192526153,0.001,10.79682226959115,0.02427117565547746,0.0926198445274461
step_225,hidden_1,5.966794490814209,6.017752170562744,8.620935192526153,0.001,1.0162157514793464,0.035166698097860466,0.9840430032148779
step_226,hidden_0,5.970053672790527,6.019594669342041,8.615883745801158,0.001,10.788609301031546,0.024107811662343676,0.092690352583663
step_226,hidden_1,5.970053672790527,6.019594669342041,8.615883745801158,0.001,1.01568889859004,0.035057104791179364,0.9845534409091021
step_227,hidden_0,5.973384857177734,6.021486759185791,8.610854194504103,0.001,10.780280301285103,0.023945674505272255,0.09276196648437715
step_227,hidden_1,5.973384857177734,6.021486759185791,8.610854194504103,0.001,1.0151786338593134,0.034948122678108026,0.9850483123333574
step_228,hidden_0,5.976797103881836,6.023469924926758,8.60569858922982,0.001,10.771856087575463,0.02378466819022412,0.09283451170067393
step_228,hidden_1,5.976797103881836,6.023469924926758,8.60569858922982,0.001,1.0146848369516712,0.03483953872309327,0.9855276866107632
step_229,hidden_0,5.980302810668945,6.025555610656738,8.600439725376392,0.001,10.763376561226442,0.02362470110353732,0.09290764792178322
step_229,hidden_1,5.980302810668945,6.025555610656738,8.600439725376392,0.001,1.014207067526715,0.03473116965248886,0.9859919458445888
step_230,hidden_0,5.983910083770752,6.027745246887207,8.595401897411028,0.001,10.75481553552948,0.02346568172262182,0.09298160407274417
step_230,hidden_1,5.983910083770752,6.027745246887207,8.595401897411028,0.001,1.0137446486735846,0.034622976684819895,0.9864417053233587
step_231,hidden_0,5.987626552581787,6.030036449432373,8.590539457807813,0.001,10.746154817808835,0.02330757672768895,0.09305654133539668
step_231,hidden_1,5.987626552581787,6.030036449432373,8.590539457807813,0.001,1.0132969655928992,0.03451505408924201,0.9868775235252788
step_232,hidden_0,5.991453170776367,6.032427787780762,8.58548773517351,0.001,10.737429462781453,0.02315032215391983,0.09313216011953733
step_232,hidden_1,5.991453170776367,6.032427787780762,8.58548773517351,0.001,1.012863505685444,0.03440727953262253,0.9872998626041534
step_233,hidden_0,5.995394229888916,6.034914970397949,8.580836598485313,0.001,10.728630420740592,0.02299394107682085,0.09320854207698306
step_233,hidden_1,5.995394229888916,6.034914970397949,8.580836598485313,0.001,1.0124432397073972,0.03429974309870252,0.9877096915467642
step_234,hidden_0,5.999449253082275,6.0375075340271,8.576247003525669,0.001,10.719799552447009,0.02283850459064615,0.09328532638203388
step_234,hidden_1,5.999449253082275,6.0375075340271,8.576247003525669,0.001,1.012035794466601,0.034192345779800425,0.9881073431074199
step_235,hidden_0,6.00361442565918,6.040197849273682,8.571606995396913,0.001,10.710923934746663,0.022684087082167625,0.09336262735990125
step_235,hidden_1,6.00361442565918,6.040197849273682,8.571606995396913,0.001,1.0116408000388915,0.03408517785674739,0.9884931489136817
step_236,hidden_0,6.007879734039307,6.0429792404174805,8.566907614708532,0.001,10.702010249988064,0.02253077455121649,0.0934403889214286
step_236,hidden_1,6.007879734039307,6.0429792404174805,8.566907614708532,0.001,1.0112579281471206,0.03397825404137648,0.9888674018430215
step_237,hidden_0,6.012241363525391,6.045841693878174,8.562103813057208,0.001,10.693056903672646,0.022378607203653634,0.09351862699398328
step_237,hidden_1,6.012241363525391,6.045841693878174,8.562103813057208,0.001,1.0108869977210915,0.033871636724341556,0.9892302524954473
step_238,hidden_0,6.016691207885742,6.048770904541016,8.557335616568812,0.001,10.68401163055566,0.02222758066692776,0.09359780151680643
step_238,hidden_1,6.016691207885742,6.048770904541016,8.557335616568812,0.001,1.0105269924399118,0.0337654163865665,0.9895826707068017
step_239,hidden_0,6.021229267120361,6.051772594451904,8.552459542193697,0.001,10.674929639672655,0.022077725985863196,0.09367743242855368
step_239,hidden_1,6.021229267120361,6.051772594451904,8.552459542193697,0.001,1.0101780416746864,0.033659582178780095,0.9899245071118224
step_240,hidden_0,6.025842666625977,6.054840087890625,8.548136036915917,0.001,10.66584244905835,0.02192908672642747,0.09375724465987087
step_240,hidden_1,6.025842666625977,6.054840087890625,8.548136036915917,0.001,1.0098395853262987,0.03355420886889175,0.9902562887519216
step_241,hidden_0,6.030523777008057,6.057974338531494,8.543583369419268,0.001,10.656760811417296,0.02178171527507402,0.09383714410936515
step_241,hidden_1,6.030523777008057,6.057974338531494,8.543583369419268,0.001,1.0095116964525839,0.033449290093082326,0.9905779234792347
step_242,hidden_0,6.035268783569336,6.061160087585449,8.539332597494287,0.001,10.647678991712969,0.02163568563240875,0.09391718146070094
step_242,hidden_1,6.035268783569336,6.061160087585449,8.539332597494287,0.001,1.0091943514381072,0.033344977648846294,0.9908894144869071
step_243,hidden_0,6.040064811706543,6.0643792152404785,8.534755864850604,0.001,10.638494058472808,0.021490889534576337,0.09399826653130203
step_243,hidden_1,6.040064811706543,6.0643792152404785,8.534755864850604,0.001,1.0088872178771564,0.0332414191915045,0.9911910690118005
step_244,hidden_0,6.044902324676514,6.067631721496582,8.530797095296835,0.001,10.629227853693392,0.021347275986946714,0.09408021107126092
step_244,hidden_1,6.044902324676514,6.067631721496582,8.530797095296835,0.001,1.0085900263954366,0.0331385827670197,0.9914831337107941
step_245,hidden_0,6.049776554107666,6.070921421051025,8.526183096292819,0.001,10.619906918632111,0.021204808253486543,0.09416278387954122
step_245,hidden_1,6.049776554107666,6.070921421051025,8.526183096292819,0.001,1.0083024587955538,0.033036413004925005,0.9917659044435225
step_246,hidden_0,6.054691791534424,6.074256420135498,8.522223467265881,0.001,10.610544292571792,0.02106345368486362,0.09424587207086803
step_246,hidden_1,6.054691791534424,6.074256420135498,8.522223467265881,0.001,1.0080241537705554,0.03293484316820438,0.9920397207343289
step_247,hidden_0,6.0596513748168945,6.077639102935791,8.518090221013473,0.001,10.601152650526204,0.020923163969018287,0.09432936520826002
step_247,hidden_1,6.0596513748168945,6.077639102935791,8.518090221013473,0.001,1.0077549592739112,0.032833825110674834,0.9923047173297974
step_248,hidden_0,6.064662933349609,6.0810651779174805,8.513683669265301,0.001,10.591692995209213,0.0207838537674567,0.09441361267290466
step_248,hidden_1,6.064662933349609,6.0810651779174805,8.513683669265301,0.001,1.0074944802860386,0.032733327091971375,0.9925612691357765
step_249,hidden_0,6.069737434387207,6.08455753326416,8.50930949955586,0.001,10.582204486170122,0.020645499940967177,0.09449826841910866
step_249,hidden_1,6.069737434387207,6.08455753326416,8.50930949955586,0.001,1.0072427543764289,0.03263321601358375,0.9928093259098074
step_250,hidden_0,6.0748820304870605,6.088123798370361,8.505085690140936,0.001,10.572684841156656,0.020508088814463435,0.09458335465626153
step_250,hidden_1,6.0748820304870605,6.088123798370361,8.505085690140936,0.001,1.0069995138832448,0.032533448334256115,0.9930491387664598
step_251,hidden_0,6.080102443695068,6.09176778793335,8.500745348884456,0.001,10.563109893079986,0.020371558217443308,0.09466908989133128
step_251,hidden_1,6.080102443695068,6.09176778793335,8.500745348884456,0.001,1.0067645735308894,0.03243400198235779,0.9932808784608252
step_252,hidden_0,6.085403919219971,6.095491409301758,8.49636079996508,0.001,10.553508858513958,0.020235896008735887,0.09475521491539357
step_252,hidden_1,6.085403919219971,6.095491409301758,8.49636079996508,0.001,1.006537696400135,0.032334797416896155,0.9935047674582712
step_253,hidden_0,6.090792179107666,6.0992960929870605,8.491891967271151,0.001,10.54389349974608,0.020101081104841042,0.09484162563137442
step_253,hidden_1,6.090792179107666,6.0992960929870605,8.491891967271151,0.001,1.0063189239842967,0.03223577064280751,0.9937207540932667
step_254,hidden_0,6.096267223358154,6.103183746337891,8.487508623882785,0.001,10.5342780455571,0.019967123375629746,0.09492819495321338
step_254,hidden_1,6.096267223358154,6.103183746337891,8.487508623882785,0.001,1.0061081097493239,0.03213692567135282,0.9939289727514017
step_255,hidden_0,6.101827621459961,6.107141017913818,8.483194170269064,0.001,10.524633433518693,0.01983403234612162,0.09501518568952864
step_255,hidden_1,6.101827621459961,6.107141017913818,8.483194170269064,0.001,1.0059051280864546,0.032038352930244436,0.9941295377450874
step_256,hidden_0,6.107467174530029,6.111163139343262,8.478813923726268,0.001,10.51493659463416,0.019701823525037562,0.0951028083716935
step_256,hidden_1,6.107467174530029,6.111163139343262,8.478813923726268,0.001,1.0057097243501032,0.031940111951316984,0.9943226915163887
step_257,hidden_0,6.113181114196777,6.115243911743164,8.474504124756919,0.001,10.505211799231006,0.019570546666513745,0.09519084613536313
step_257,hidden_1,6.113181114196777,6.115243911743164,8.474504124756919,0.001,1.0055218065577323,0.03184222983304485,0.9945085163526831
step_258,hidden_0,6.118959426879883,6.119384765625,8.470204602745035,0.001,10.495429849143136,0.01944021821790906,0.09527956590378636
step_258,hidden_1,6.118959426879883,6.119384765625,8.470204602745035,0.001,1.0053410874368627,0.03174475463879471,0.9946872882212744
step_259,hidden_0,6.1247992515563965,6.123590469360352,8.465941408614635,0.001,10.485619617758331,0.019310796521973803,0.09536870842676869
step_259,hidden_1,6.1247992515563965,6.123590469360352,8.465941408614635,0.001,1.0051673768759801,0.03164754941715023,0.9948591876389382
step_260,hidden_0,6.130704879760742,6.127849578857422,8.461951353505663,0.001,10.475761148943931,0.01918232705789485,0.09545845746023053
step_260,hidden_1,6.130704879760742,6.127849578857422,8.461951353505663,0.001,1.0050002576394754,0.03155072727066254,0.9950246205396803
step_261,hidden_0,6.136663436889648,6.132149696350098,8.457858953001788,0.001,10.465830570705707,0.019054819118643325,0.09554903390076287
step_261,hidden_1,6.136663436889648,6.132149696350098,8.457858953001788,0.001,1.0048394956397344,0.031454333593256556,0.995183812279738
step_262,hidden_0,6.142672061920166,6.136496543884277,8.453725009563351,0.001,10.455845676460823,0.018928299921273005,0.09564027922210955
step_262,hidden_1,6.142672061920166,6.136496543884277,8.453725009563351,0.001,1.0046847897173345,0.031358359195018636,0.9953370551985239
step_263,hidden_0,6.148726940155029,6.140876293182373,8.449865194857328,0.001,10.44578301128516,0.018802745898618866,0.09573241172247637
step_263,hidden_1,6.148726940155029,6.140876293182373,8.449865194857328,0.001,1.0045358505215325,0.03126292275297362,0.9954846305194807
step_264,hidden_0,6.154830455780029,6.145294666290283,8.44592908393249,0.001,10.435700026600014,0.018678182207184486,0.09582490848252212
step_264,hidden_1,6.154830455780029,6.145294666290283,8.44592908393249,0.001,1.0043923697705939,0.031167919536007692,0.9956268387705921
step_265,hidden_0,6.160977363586426,6.149750232696533,8.441709365140044,0.001,10.425594349341399,0.018554587432762445,0.09591779293265632
step_265,hidden_1,6.160977363586426,6.149750232696533,8.441709365140044,0.001,1.0042541665608864,0.03107337618467584,0.9957638547067671
step_266,hidden_0,6.167171478271484,6.154244422912598,8.437552572546632,0.001,10.415450022939428,0.01843193721883819,0.09601121389834887
step_266,hidden_1,6.167171478271484,6.154244422912598,8.437552572546632,0.001,1.0041210436482773,0.030979269719387744,0.9958958696520249
step_267,hidden_0,6.173413276672363,6.158780097961426,8.433905426383607,0.001,10.405271888874307,0.018310207347673923,0.096105129272906
step_267,hidden_1,6.173413276672363,6.158780097961426,8.433905426383607,0.001,1.0039926984687415,0.03088558700275252,0.9960231797752802
step_268,hidden_0,6.1797003746032715,6.163354873657227,8.430228934573792,0.001,10.395062102717066,0.018189367606652317,0.09619952147651138
step_268,hidden_1,6.1797003746032715,6.163354873657227,8.430228934573792,0.001,1.0038690361748195,0.03079232920831541,0.9961458755720146
step_269,hidden_0,6.186031341552734,6.167971611022949,8.426058492494315,0.001,10.384834036616391,0.01806940913493575,0.09629426878407987
step_269,hidden_1,6.186031341552734,6.167971611022949,8.426058492494315,0.001,1.0037499479020207,0.03069946377273758,0.9962640616720743
step_270,hidden_0,6.192413806915283,6.172632217407227,8.421871443898906,0.001,10.374557102767687,0.01795030239765431,0.09638965693612343
step_270,hidden_1,6.192413806915283,6.172632217407227,8.421871443898906,0.001,1.0036353056523188,0.030606979941174582,0.9963778619266925
step_271,hidden_0,6.198841571807861,6.177332878112793,8.418189818008978,0.001,10.364230620765392,0.017832054803556187,0.09648569552248641
step_271,hidden_1,6.198841571807861,6.177332878112793,8.418189818008978,0.001,1.0035250341220272,0.030514895092693686,0.996487348095794
step_272,hidden_0,6.205315113067627,6.1820759773254395,8.414226994967759,0.001,10.353882513771131,0.017714675667445334,0.09658212739713387
step_272,hidden_1,6.205315113067627,6.1820759773254395,8.414226994967759,0.001,1.0034190005103323,0.030423186998468816,0.9965926492237107
step_273,hidden_0,6.211834907531738,6.186854362487793,8.410125958070113,0.001,10.343463364462053,0.01759816328879235,0.0966794162423186
step_273,hidden_1,6.211834907531738,6.186854362487793,8.410125958070113,0.001,1.0033170815979098,0.03033196949044038,0.9966938850551345
step_274,hidden_0,6.218392372131348,6.191669464111328,8.405921140597462,0.001,10.332984120897084,0.01748249607002777,0.09677746411877602
step_274,hidden_1,6.218392372131348,6.191669464111328,8.405921140597462,0.001,1.003219159949644,0.030241186761146538,0.9967911697880595
step_275,hidden_0,6.224990367889404,6.196516513824463,8.402112014904278,0.001,10.322436123781822,0.01736764568545623,0.09687635631826326
step_275,hidden_1,6.224990367889404,6.196516513824463,8.402112014904278,0.001,1.003125178288489,0.030150818352167125,0.9968845580231362
step_276,hidden_0,6.231632232666016,6.201409339904785,8.39805459438632,0.001,10.311898094368503,0.01725357780685543,0.09697535709222305
step_276,hidden_1,6.231632232666016,6.201409339904785,8.39805459438632,0.001,1.0030349131723542,0.030060706877001398,0.9969742696565213
step_277,hidden_0,6.238317966461182,6.206344127655029,8.39441022249024,0.001,10.301331312004745,0.01714026351176119,0.09707483137006198
step_277,hidden_1,6.238317966461182,6.206344127655029,8.39441022249024,0.001,1.0029482822130646,0.029970843123287558,0.9970603846027244
step_278,hidden_0,6.245045185089111,6.21131706237793,8.391438296377723,0.001,10.290761007541244,0.017027714907726334,0.09717454319142997
step_278,hidden_1,6.245045185089111,6.21131706237793,8.391438296377723,0.001,1.0028652371928888,0.02988126429107461,0.9971429489360816
step_279,hidden_0,6.2518157958984375,6.216334819793701,8.387733092936113,0.001,10.280196070482424,0.016915963969460893,0.09727440927623013
step_279,hidden_1,6.2518157958984375,6.216334819793701,8.387733092936113,0.001,1.0027857143442935,0.02979194748679191,0.9972220243024552
step_280,hidden_0,6.2586236000061035,6.221386909484863,8.3842325091857,0.001,10.269615318686661,0.016805031711942347,0.09737463078878848
step_280,hidden_1,6.2586236000061035,6.221386909484863,8.3842325091857,0.001,1.0027096006887204,0.02970298344831471,0.9972977214072157
step_281,hidden_0,6.265448093414307,6.226469039916992,8.382295392022117,0.001,10.258987379582129,0.016694929407047778,0.09747550737709673
step_281,hidden_1,6.265448093414307,6.226469039916992,8.382295392022117,0.001,1.0026367376840624,0.02961445883824436,0.9973701964181436
step_282,hidden_0,6.272293567657471,6.231593132019043,8.379675435812192,0.001,10.248315325578986,0.016585501798125884,0.09757701321934142
step_282,hidden_1,6.272293567657471,6.231593132019043,8.379675435812192,0.001,1.0025667084817322,0.02952640843861163,0.9974398626445324
step_283,hidden_0,6.279167652130127,6.23675537109375,8.37568434764694,0.001,10.237589654792682,0.016476775321059667,0.09767924225521722
step_283,hidden_1,6.279167652130127,6.23675537109375,8.37568434764694,0.001,1.0024995664944547,0.029438838987815297,0.9975066657602704
step_284,hidden_0,6.286065578460693,6.241952896118164,8.372268339973235,0.001,10.226782903453174,0.016368790228362014,0.09778246095967678
step_284,hidden_1,6.286065578460693,6.241952896118164,8.372268339973235,0.001,1.0024351940379608,0.029351785188041813,0.9975707217260086
step_285,hidden_0,6.2929840087890625,6.247170448303223,8.368872750192196,0.001,10.215873275128533,0.01626163407765921,0.09788688378061525
step_285,hidden_1,6.2929840087890625,6.247170448303223,8.368872750192196,0.001,1.0023734989180146,0.02926539487753129,0.997632121239661
step_286,hidden_0,6.299904823303223,6.2524003982543945,8.364872065391678,0.001,10.204846791790683,0.016155316652106445,0.09799265196263925
step_286,hidden_1,6.299904823303223,6.2524003982543945,8.364872065391678,0.001,1.0023142785672823,0.029179674097935537,0.9976910649516134
step_287,hidden_0,6.306837558746338,6.257650375366211,8.36077585968185,0.001,10.19372218799492,0.01604983130365864,0.09809959321607699
step_287,hidden_1,6.306837558746338,6.257650375366211,8.36077585968185,0.001,1.0022573771252465,0.029094539995962895,0.9977477071491144
step_288,hidden_0,6.313783168792725,6.262892246246338,8.357212496639503,0.001,10.182560225003765,0.015945385125341268,0.09820712845325992
step_288,hidden_1,6.313783168792725,6.262892246246338,8.357212496639503,0.001,1.002202618096228,0.02901025381246859,0.9978022227676754
step_289,hidden_0,6.3207173347473145,6.268129348754883,8.353234047395707,0.001,10.171352903132984,0.01584192055675571,0.09831533813874255
step_289,hidden_1,6.3207173347473145,6.268129348754883,8.353234047395707,0.001,1.0021498924085526,0.02892674619784329,0.9978547197132501
step_290,hidden_0,6.327648162841797,6.273378372192383,8.349239552880958,0.001,10.160132235845174,0.015739341564135187,0.09842391582975442
step_290,hidden_1,6.327648162841797,6.273378372192383,8.349239552880958,0.001,1.0020990836984331,0.028843796833971185,0.9979053132244308
step_291,hidden_0,6.334590911865234,6.278650283813477,8.345176916654614,0.001,10.148914594070515,0.015637552301552563,0.0985327042346231
step_291,hidden_1,6.334590911865234,6.278650283813477,8.345176916654614,0.001,1.002050053858405,0.028761189332472847,0.9979541402642401
step_292,hidden_0,6.3415608406066895,6.283954620361328,8.341152221543016,0.001,10.13771995367658,0.015536443320592824,0.09864150958691027
step_292,hidden_1,6.3415608406066895,6.283954620361328,8.341152221543016,0.001,1.002002654370373,0.028678771497422026,0.9980013482383123
step_293,hidden_0,6.348568916320801,6.289303779602051,8.33717008701789,0.001,10.126578291250008,0.015435947821914077,0.09875003888174766
step_293,hidden_1,6.348568916320801,6.289303779602051,8.33717008701789,0.001,1.0019568511606238,0.028596403378131727,0.9980469706271711
step_294,hidden_0,6.355629920959473,6.294707775115967,8.333127016235682,0.001,10.11549464097067,0.015336027263690839,0.09885824030292217
step_294,hidden_1,6.355629920959473,6.294707775115967,8.333127016235682,0.001,1.0019125871994368,0.028513980473350554,0.9980910638074896
step_295,hidden_0,6.362749099731445,6.300168514251709,8.329156279635217,0.001,10.104448441373771,0.015236661961748226,0.09896631229324605
step_295,hidden_1,6.362749099731445,6.300168514251709,8.329156279635217,0.001,1.001869918763524,0.028431479428392397,0.9981335713065107
step_296,hidden_0,6.369925498962402,6.305681228637695,8.325129393144104,0.001,10.093405063394302,0.015137853012907718,0.09907459313474841
step_296,hidden_1,6.369925498962402,6.305681228637695,8.325129393144104,0.001,1.0018289272627545,0.028348931757372072,0.9981744116056305
step_297,hidden_0,6.37716007232666,6.311242580413818,8.32103271396414,0.001,10.082376653553569,0.015039631480823355,0.09918296393415797
step_297,hidden_1,6.37716007232666,6.311242580413818,8.32103271396414,0.001,1.0017896778834208,0.02826638494714942,0.9982135193415029
step_298,hidden_0,6.384445667266846,6.316845893859863,8.3170565393906,0.001,10.071316981489776,0.014942057292879953,0.09929188028119013
step_298,hidden_1,6.384445667266846,6.316845893859863,8.3170565393906,0.001,1.001752306414663,0.028183945028102193,0.9982507587919267
step_299,hidden_0,6.391773700714111,6.3224778175354,8.313131605057114,0.001,10.060182902600987,0.01484515175901788,0.09940177128802075
step_299,hidden_1,6.391773700714111,6.3224778175354,8.313131605057114,0.001,1.001716861855773,0.02810170191225814,0.9982860807068852
