seed,condition,timestamp,layer_name,loss,val_loss,grad_norm,learning_rate,effective_rank,representation_variance,collapse_score
42,condition_b,step_3,layer_0,1.5230497121810913,1.476251482963562,5.167115688323975,2e-05,21.74148410229719,0.05488300130522902,0.04599502017869796
42,condition_b,step_3,layer_1,1.5230497121810913,1.476251482963562,5.167115688323975,2e-05,16.45862295510132,0.11265048679550517,0.06075842448836535
42,condition_b,step_3,layer_2,1.5230497121810913,1.476251482963562,5.167115688323975,2e-05,15.865031900735815,0.136913877041231,0.06303170433295002
42,condition_b,step_3,layer_3,1.5230497121810913,1.476251482963562,5.167115688323975,2e-05,14.453963371773305,0.21491528818367142,0.06918517601565732
42,condition_b,step_3,layer_4,1.5230497121810913,1.476251482963562,5.167115688323975,2e-05,11.339746622950829,0.2709883226292175,0.08818539190073896
42,condition_b,step_3,layer_5,1.5230497121810913,1.476251482963562,5.167115688323975,2e-05,10.33846466462698,0.3278564692371902,0.09672616122793325
42,condition_b,step_3,layer_6,1.5230497121810913,1.476251482963562,5.167115688323975,2e-05,11.282801785007925,0.08476758069714437,0.08863046777341729
42,condition_b,step_6,layer_0,1.4220764636993408,1.349549412727356,3.578399896621704,2e-05,21.74148410229719,0.05488300130522902,0.04599502017869796
42,condition_b,step_6,layer_1,1.4220764636993408,1.349549412727356,3.578399896621704,2e-05,16.45862295510132,0.11265048679550517,0.06075842448836535
42,condition_b,step_6,layer_2,1.4220764636993408,1.349549412727356,3.578399896621704,2e-05,15.865031900735815,0.136913877041231,0.06303170433295002
42,condition_b,step_6,layer_3,1.4220764636993408,1.349549412727356,3.578399896621704,2e-05,14.453963371773305,0.21491528818367142,0.06918517601565732
42,condition_b,step_6,layer_4,1.4220764636993408,1.349549412727356,3.578399896621704,2e-05,11.2779695002753,0.2702634993190241,0.08866844337321443
42,condition_b,step_6,layer_5,1.4220764636993408,1.349549412727356,3.578399896621704,2e-05,9.915456207809404,0.32366036518054425,0.10085264651891669
42,condition_b,step_6,layer_6,1.4220764636993408,1.349549412727356,3.578399896621704,2e-05,10.427919997912344,0.09279097235795002,0.0958964012190541
42,condition_b,step_9,layer_0,1.3283569812774658,1.1969363689422607,3.7017111778259277,2e-05,21.74148410229719,0.05488300130522902,0.04599502017869796
42,condition_b,step_9,layer_1,1.3283569812774658,1.1969363689422607,3.7017111778259277,2e-05,16.45862295510132,0.11265048679550517,0.06075842448836535
42,condition_b,step_9,layer_2,1.3283569812774658,1.1969363689422607,3.7017111778259277,2e-05,15.865031900735815,0.136913877041231,0.06303170433295002
42,condition_b,step_9,layer_3,1.3283569812774658,1.1969363689422607,3.7017111778259277,2e-05,14.453963371773305,0.21491528818367142,0.06918517601565732
42,condition_b,step_9,layer_4,1.3283569812774658,1.1969363689422607,3.7017111778259277,2e-05,11.194288375383532,0.269080238451374,0.08933127023947501
42,condition_b,step_9,layer_5,1.3283569812774658,1.1969363689422607,3.7017111778259277,2e-05,9.44181793487689,0.3154952805788059,0.10591180712202951
42,condition_b,step_9,layer_6,1.3283569812774658,1.1969363689422607,3.7017111778259277,2e-05,9.450382052306898,0.10677872460107225,0.10581582781152152
42,condition_b,step_12,layer_0,0.9710748791694641,1.0133548974990845,4.63552713394165,2e-05,21.74148410229719,0.05488300130522902,0.04599502017869796
42,condition_b,step_12,layer_1,0.9710748791694641,1.0133548974990845,4.63552713394165,2e-05,16.45862295510132,0.11265048679550517,0.06075842448836535
42,condition_b,step_12,layer_2,0.9710748791694641,1.0133548974990845,4.63552713394165,2e-05,15.865031900735815,0.136913877041231,0.06303170433295002
42,condition_b,step_12,layer_3,0.9710748791694641,1.0133548974990845,4.63552713394165,2e-05,14.453963371773305,0.21491528818367142,0.06918517601565732
42,condition_b,step_12,layer_4,0.9710748791694641,1.0133548974990845,4.63552713394165,2e-05,11.077722844736897,0.26766537005940116,0.09027126007897074
42,condition_b,step_12,layer_5,0.9710748791694641,1.0133548974990845,4.63552713394165,2e-05,8.89371076933831,0.30508727202871905,0.11243900616237373
42,condition_b,step_12,layer_6,0.9710748791694641,1.0133548974990845,4.63552713394165,2e-05,8.413067766473956,0.13017515284129225,0.11886270594241452
42,condition_b,step_15,layer_0,0.9028030633926392,0.8128054738044739,4.4501519203186035,2e-05,21.74148410229719,0.05488300130522902,0.04599502017869796
42,condition_b,step_15,layer_1,0.9028030633926392,0.8128054738044739,4.4501519203186035,2e-05,16.45862295510132,0.11265048679550517,0.06075842448836535
42,condition_b,step_15,layer_2,0.9028030633926392,0.8128054738044739,4.4501519203186035,2e-05,15.865031900735815,0.136913877041231,0.06303170433295002
42,condition_b,step_15,layer_3,0.9028030633926392,0.8128054738044739,4.4501519203186035,2e-05,14.453963371773305,0.21491528818367142,0.06918517601565732
42,condition_b,step_15,layer_4,0.9028030633926392,0.8128054738044739,4.4501519203186035,2e-05,10.946536910993125,0.2661735611934568,0.09135309259275817
42,condition_b,step_15,layer_5,0.9028030633926392,0.8128054738044739,4.4501519203186035,2e-05,8.344963326595211,0.29387609078564497,0.11983276149495138
42,condition_b,step_15,layer_6,0.9028030633926392,0.8128054738044739,4.4501519203186035,2e-05,7.675885185698182,0.16233319493103798,0.13027813415750591
42,condition_b,step_18,layer_0,0.6788607835769653,0.6113975048065186,3.956688404083252,2e-05,21.74148410229719,0.05488300130522902,0.04599502017869796
42,condition_b,step_18,layer_1,0.6788607835769653,0.6113975048065186,3.956688404083252,2e-05,16.45862295510132,0.11265048679550517,0.06075842448836535
42,condition_b,step_18,layer_2,0.6788607835769653,0.6113975048065186,3.956688404083252,2e-05,15.865031900735815,0.136913877041231,0.06303170433295002
42,condition_b,step_18,layer_3,0.6788607835769653,0.6113975048065186,3.956688404083252,2e-05,14.453963371773305,0.21491528818367142,0.06918517601565732
42,condition_b,step_18,layer_4,0.6788607835769653,0.6113975048065186,3.956688404083252,2e-05,10.810087458293333,0.26476539018279166,0.0925061895991244
42,condition_b,step_18,layer_5,0.6788607835769653,0.6113975048065186,3.956688404083252,2e-05,7.86386556487785,0.2831387888483116,0.12716392361363227
42,condition_b,step_18,layer_6,0.6788607835769653,0.6113975048065186,3.956688404083252,2e-05,7.323854692050701,0.20006345892595037,0.13654012020273945
42,condition_b,step_21,layer_0,0.5125235319137573,0.43160203099250793,3.3195011615753174,2e-05,21.74148410229719,0.05488300130522902,0.04599502017869796
42,condition_b,step_21,layer_1,0.5125235319137573,0.43160203099250793,3.3195011615753174,2e-05,16.45862295510132,0.11265048679550517,0.06075842448836535
42,condition_b,step_21,layer_2,0.5125235319137573,0.43160203099250793,3.3195011615753174,2e-05,15.865031900735815,0.136913877041231,0.06303170433295002
42,condition_b,step_21,layer_3,0.5125235319137573,0.43160203099250793,3.3195011615753174,2e-05,14.453963371773305,0.21491528818367142,0.06918517601565732
42,condition_b,step_21,layer_4,0.5125235319137573,0.43160203099250793,3.3195011615753174,2e-05,10.66903622407094,0.26365410384179494,0.09372917843730351
42,condition_b,step_21,layer_5,0.5125235319137573,0.43160203099250793,3.3195011615753174,2e-05,7.454082448355963,0.27488666745582163,0.13415467388887753
42,condition_b,step_21,layer_6,0.5125235319137573,0.43160203099250793,3.3195011615753174,2e-05,7.067800315586812,0.23699151736994936,0.14148673637463594
42,condition_b,step_24,layer_0,0.3851551413536072,0.27719733119010925,3.091806650161743,2e-05,21.74148410229719,0.05488300130522902,0.04599502017869796
42,condition_b,step_24,layer_1,0.3851551413536072,0.27719733119010925,3.091806650161743,2e-05,16.45862295510132,0.11265048679550517,0.06075842448836535
42,condition_b,step_24,layer_2,0.3851551413536072,0.27719733119010925,3.091806650161743,2e-05,15.865031900735815,0.136913877041231,0.06303170433295002
42,condition_b,step_24,layer_3,0.3851551413536072,0.27719733119010925,3.091806650161743,2e-05,14.453963371773305,0.21491528818367142,0.06918517601565732
42,condition_b,step_24,layer_4,0.3851551413536072,0.27719733119010925,3.091806650161743,2e-05,10.529074185564355,0.26285515752011296,0.09497511199712383
42,condition_b,step_24,layer_5,0.3851551413536072,0.27719733119010925,3.091806650161743,2e-05,7.075759091044028,0.27620144590044027,0.14132759286077531
42,condition_b,step_24,layer_6,0.3851551413536072,0.27719733119010925,3.091806650161743,2e-05,6.778409818392201,0.2743177757736065,0.14752722641328792
42,condition_b,step_27,layer_0,0.20332369208335876,0.17300283908843994,1.8853230476379395,2e-05,21.74148410229719,0.05488300130522902,0.04599502017869796
42,condition_b,step_27,layer_1,0.20332369208335876,0.17300283908843994,1.8853230476379395,2e-05,16.45862295510132,0.11265048679550517,0.06075842448836535
42,condition_b,step_27,layer_2,0.20332369208335876,0.17300283908843994,1.8853230476379395,2e-05,15.865031900735815,0.136913877041231,0.06303170433295002
42,condition_b,step_27,layer_3,0.20332369208335876,0.17300283908843994,1.8853230476379395,2e-05,14.453963371773305,0.21491528818367142,0.06918517601565732
42,condition_b,step_27,layer_4,0.20332369208335876,0.17300283908843994,1.8853230476379395,2e-05,10.397251431070558,0.26235347249657465,0.0961792649364674
42,condition_b,step_27,layer_5,0.20332369208335876,0.17300283908843994,1.8853230476379395,2e-05,6.793160978994034,0.2806931789727276,0.14720687513400943
42,condition_b,step_27,layer_6,0.20332369208335876,0.17300283908843994,1.8853230476379395,2e-05,6.466122012547811,0.29984980539958644,0.15465220081827305
42,condition_b,step_30,layer_0,0.1296723335981369,0.10820116847753525,1.2300093173980713,2e-05,21.74148410229719,0.05488300130522902,0.04599502017869796
42,condition_b,step_30,layer_1,0.1296723335981369,0.10820116847753525,1.2300093173980713,2e-05,16.45862295510132,0.11265048679550517,0.06075842448836535
42,condition_b,step_30,layer_2,0.1296723335981369,0.10820116847753525,1.2300093173980713,2e-05,15.865031900735815,0.136913877041231,0.06303170433295002
42,condition_b,step_30,layer_3,0.1296723335981369,0.10820116847753525,1.2300093173980713,2e-05,14.453963371773305,0.21491528818367142,0.06918517601565732
42,condition_b,step_30,layer_4,0.1296723335981369,0.10820116847753525,1.2300093173980713,2e-05,10.271472737467446,0.26205743841916423,0.09735702226539344
42,condition_b,step_30,layer_5,0.1296723335981369,0.10820116847753525,1.2300093173980713,2e-05,6.582560572389518,0.28820837705298324,0.15191656635785314
42,condition_b,step_30,layer_6,0.1296723335981369,0.10820116847753525,1.2300093173980713,2e-05,6.190735252666253,0.31698529823265525,0.1615317016778121
42,condition_b,step_33,layer_0,0.09558224678039551,0.06939171999692917,0.9823169708251953,2e-05,21.74148410229719,0.05488300130522902,0.04599502017869796
42,condition_b,step_33,layer_1,0.09558224678039551,0.06939171999692917,0.9823169708251953,2e-05,16.45862295510132,0.11265048679550517,0.06075842448836535
42,condition_b,step_33,layer_2,0.09558224678039551,0.06939171999692917,0.9823169708251953,2e-05,15.865031900735815,0.136913877041231,0.06303170433295002
42,condition_b,step_33,layer_3,0.09558224678039551,0.06939171999692917,0.9823169708251953,2e-05,14.453963371773305,0.21491528818367142,0.06918517601565732
42,condition_b,step_33,layer_4,0.09558224678039551,0.06939171999692917,0.9823169708251953,2e-05,10.154406057562326,0.26191737357024003,0.09847941812955831
42,condition_b,step_33,layer_5,0.09558224678039551,0.06939171999692917,0.9823169708251953,2e-05,6.427213656549023,0.2978269825361279,0.15558841722665434
42,condition_b,step_33,layer_6,0.09558224678039551,0.06939171999692917,0.9823169708251953,2e-05,5.968663036820779,0.32939524542305004,0.1675417080560561
42,condition_b,step_36,layer_0,0.06577600538730621,0.046454209834337234,0.7247378826141357,2e-05,21.74148410229719,0.05488300130522902,0.04599502017869796
42,condition_b,step_36,layer_1,0.06577600538730621,0.046454209834337234,0.7247378826141357,2e-05,16.45862295510132,0.11265048679550517,0.06075842448836535
42,condition_b,step_36,layer_2,0.06577600538730621,0.046454209834337234,0.7247378826141357,2e-05,15.865031900735815,0.136913877041231,0.06303170433295002
42,condition_b,step_36,layer_3,0.06577600538730621,0.046454209834337234,0.7247378826141357,2e-05,14.453963371773305,0.21491528818367142,0.06918517601565732
42,condition_b,step_36,layer_4,0.06577600538730621,0.046454209834337234,0.7247378826141357,2e-05,10.048436344712602,0.2618518427774146,0.09951797132358718
42,condition_b,step_36,layer_5,0.06577600538730621,0.046454209834337234,0.7247378826141357,2e-05,6.30879945006251,0.3081266521425094,0.15850876350017618
42,condition_b,step_36,layer_6,0.06577600538730621,0.046454209834337234,0.7247378826141357,2e-05,5.797485139536308,0.33824912116861067,0.17248858357228694
42,condition_b,step_39,layer_0,0.04237748682498932,0.03293792903423309,0.5638614892959595,2e-05,21.74148410229719,0.05488300130522902,0.04599502017869796
42,condition_b,step_39,layer_1,0.04237748682498932,0.03293792903423309,0.5638614892959595,2e-05,16.45862295510132,0.11265048679550517,0.06075842448836535
42,condition_b,step_39,layer_2,0.04237748682498932,0.03293792903423309,0.5638614892959595,2e-05,15.865031900735815,0.136913877041231,0.06303170433295002
42,condition_b,step_39,layer_3,0.04237748682498932,0.03293792903423309,0.5638614892959595,2e-05,14.453963371773305,0.21491528818367142,0.06918517601565732
42,condition_b,step_39,layer_4,0.04237748682498932,0.03293792903423309,0.5638614892959595,2e-05,9.956659833026457,0.26182250202445106,0.1004352882161323
42,condition_b,step_39,layer_5,0.04237748682498932,0.03293792903423309,0.5638614892959595,2e-05,6.220773079906935,0.3176000069205506,0.16075172444884622
42,condition_b,step_39,layer_6,0.04237748682498932,0.03293792903423309,0.5638614892959595,2e-05,5.672946435045923,0.34429770181676717,0.17627524099686037
42,condition_b,step_42,layer_0,0.026796959340572357,0.024707689881324768,0.35648244619369507,2e-05,21.74148410229719,0.05488300130522902,0.04599502017869796
42,condition_b,step_42,layer_1,0.026796959340572357,0.024707689881324768,0.35648244619369507,2e-05,16.45862295510132,0.11265048679550517,0.06075842448836535
42,condition_b,step_42,layer_2,0.026796959340572357,0.024707689881324768,0.35648244619369507,2e-05,15.865031900735815,0.136913877041231,0.06303170433295002
42,condition_b,step_42,layer_3,0.026796959340572357,0.024707689881324768,0.35648244619369507,2e-05,14.453963371773305,0.21491528818367142,0.06918517601565732
42,condition_b,step_42,layer_4,0.026796959340572357,0.024707689881324768,0.35648244619369507,2e-05,9.879176847658112,0.26180758468808324,0.10122300829517522
42,condition_b,step_42,layer_5,0.026796959340572357,0.024707689881324768,0.35648244619369507,2e-05,6.161119096743233,0.32606072229367694,0.16230817555995627
42,condition_b,step_42,layer_6,0.026796959340572357,0.024707689881324768,0.35648244619369507,2e-05,5.5865004958053595,0.3483454936886246,0.1790029376621112
42,condition_b,step_45,layer_0,0.021111905574798584,0.019503753632307053,0.25422197580337524,2e-05,21.74148410229719,0.05488300130522902,0.04599502017869796
42,condition_b,step_45,layer_1,0.021111905574798584,0.019503753632307053,0.25422197580337524,2e-05,16.45862295510132,0.11265048679550517,0.06075842448836535
42,condition_b,step_45,layer_2,0.021111905574798584,0.019503753632307053,0.25422197580337524,2e-05,15.865031900735815,0.136913877041231,0.06303170433295002
42,condition_b,step_45,layer_3,0.021111905574798584,0.019503753632307053,0.25422197580337524,2e-05,14.453963371773305,0.21491528818367142,0.06918517601565732
42,condition_b,step_45,layer_4,0.021111905574798584,0.019503753632307053,0.25422197580337524,2e-05,9.813742870018311,0.26179591315733824,0.10189792143984858
42,condition_b,step_45,layer_5,0.021111905574798584,0.019503753632307053,0.25422197580337524,2e-05,6.124464274438279,0.3335684015029416,0.16327958743652196
42,condition_b,step_45,layer_6,0.021111905574798584,0.019503753632307053,0.25422197580337524,2e-05,5.528321512222605,0.3511149793543698,0.18088672986712023
42,condition_b,step_48,layer_0,0.02049083262681961,0.016033794730901718,0.22741927206516266,2e-05,21.74148410229719,0.05488300130522902,0.04599502017869796
42,condition_b,step_48,layer_1,0.02049083262681961,0.016033794730901718,0.22741927206516266,2e-05,16.45862295510132,0.11265048679550517,0.06075842448836535
42,condition_b,step_48,layer_2,0.02049083262681961,0.016033794730901718,0.22741927206516266,2e-05,15.865031900735815,0.136913877041231,0.06303170433295002
42,condition_b,step_48,layer_3,0.02049083262681961,0.016033794730901718,0.22741927206516266,2e-05,14.453963371773305,0.21491528818367142,0.06918517601565732
42,condition_b,step_48,layer_4,0.02049083262681961,0.016033794730901718,0.22741927206516266,2e-05,9.759887568261655,0.2617832822984402,0.10246019669856823
42,condition_b,step_48,layer_5,0.02049083262681961,0.016033794730901718,0.22741927206516266,2e-05,6.103422883163363,0.34035527158190226,0.16384248955754918
42,condition_b,step_48,layer_6,0.02049083262681961,0.016033794730901718,0.22741927206516266,2e-05,5.488738418155423,0.35318190426197377,0.18219122935285842
42,condition_b,step_51,layer_0,0.018913494423031807,0.013573085889220238,0.20397335290908813,2e-05,21.74148410229719,0.05488300130522902,0.04599502017869796
42,condition_b,step_51,layer_1,0.018913494423031807,0.013573085889220238,0.20397335290908813,2e-05,16.45862295510132,0.11265048679550517,0.06075842448836535
42,condition_b,step_51,layer_2,0.018913494423031807,0.013573085889220238,0.20397335290908813,2e-05,15.865031900735815,0.136913877041231,0.06303170433295002
42,condition_b,step_51,layer_3,0.018913494423031807,0.013573085889220238,0.20397335290908813,2e-05,14.453963371773305,0.21491528818367142,0.06918517601565732
42,condition_b,step_51,layer_4,0.018913494423031807,0.013573085889220238,0.20397335290908813,2e-05,9.715966690560125,0.26176847609035686,0.10292336643883143
42,condition_b,step_51,layer_5,0.018913494423031807,0.013573085889220238,0.20397335290908813,2e-05,6.094690464035726,0.34644649116014786,0.16407724164187154
42,condition_b,step_51,layer_6,0.018913494423031807,0.013573085889220238,0.20397335290908813,2e-05,5.46336729412762,0.3549307496424605,0.1830373002882059
42,condition_b,step_54,layer_0,0.015781842172145844,0.011773087084293365,0.1814309060573578,2e-05,21.74148410229719,0.05488300130522902,0.04599502017869796
42,condition_b,step_54,layer_1,0.015781842172145844,0.011773087084293365,0.1814309060573578,2e-05,16.45862295510132,0.11265048679550517,0.06075842448836535
42,condition_b,step_54,layer_2,0.015781842172145844,0.011773087084293365,0.1814309060573578,2e-05,15.865031900735815,0.136913877041231,0.06303170433295002
42,condition_b,step_54,layer_3,0.015781842172145844,0.011773087084293365,0.1814309060573578,2e-05,14.453963371773305,0.21491528818367142,0.06918517601565732
42,condition_b,step_54,layer_4,0.015781842172145844,0.011773087084293365,0.1814309060573578,2e-05,9.679639131280465,0.26175412982032076,0.10330963648928053
42,condition_b,step_54,layer_5,0.015781842172145844,0.011773087084293365,0.1814309060573578,2e-05,6.094843802105253,0.35200940070909104,0.16407311367923563
42,condition_b,step_54,layer_6,0.015781842172145844,0.011773087084293365,0.1814309060573578,2e-05,5.448445523154773,0.3564853466753095,0.1835385883460164
42,condition_b,step_57,layer_0,0.012576712295413017,0.01041659340262413,0.14401650428771973,2e-05,21.74148410229719,0.05488300130522902,0.04599502017869796
42,condition_b,step_57,layer_1,0.012576712295413017,0.01041659340262413,0.14401650428771973,2e-05,16.45862295510132,0.11265048679550517,0.06075842448836535
42,condition_b,step_57,layer_2,0.012576712295413017,0.01041659340262413,0.14401650428771973,2e-05,15.865031900735815,0.136913877041231,0.06303170433295002
42,condition_b,step_57,layer_3,0.012576712295413017,0.01041659340262413,0.14401650428771973,2e-05,14.453963371773305,0.21491528818367142,0.06918517601565732
42,condition_b,step_57,layer_4,0.012576712295413017,0.01041659340262413,0.14401650428771973,2e-05,9.649343118637224,0.26174036356001446,0.10363399743434866
42,condition_b,step_57,layer_5,0.012576712295413017,0.01041659340262413,0.14401650428771973,2e-05,6.101663857892933,0.3570793397483228,0.16388972308043967
42,condition_b,step_57,layer_6,0.012576712295413017,0.01041659340262413,0.14401650428771973,2e-05,5.441518379955059,0.3578920398425515,0.1837722360148049
42,condition_b,step_60,layer_0,0.012349341064691544,0.009362522512674332,0.1503608077764511,2e-05,21.74148410229719,0.05488300130522902,0.04599502017869796
42,condition_b,step_60,layer_1,0.012349341064691544,0.009362522512674332,0.1503608077764511,2e-05,16.45862295510132,0.11265048679550517,0.06075842448836535
42,condition_b,step_60,layer_2,0.012349341064691544,0.009362522512674332,0.1503608077764511,2e-05,15.865031900735815,0.136913877041231,0.06303170433295002
42,condition_b,step_60,layer_3,0.012349341064691544,0.009362522512674332,0.1503608077764511,2e-05,14.453963371773305,0.21491528818367142,0.06918517601565732
42,condition_b,step_60,layer_4,0.012349341064691544,0.009362522512674332,0.1503608077764511,2e-05,9.623676233793306,0.2617294134599455,0.1039103951241132
42,condition_b,step_60,layer_5,0.012349341064691544,0.009362522512674332,0.1503608077764511,2e-05,6.113566318941381,0.36171266020994036,0.16357064728352516
42,condition_b,step_60,layer_6,0.012349341064691544,0.009362522512674332,0.1503608077764511,2e-05,5.440321334804621,0.35920451745716625,0.18381267179981992
42,condition_b,step_63,layer_0,0.011750100180506706,0.00853127520531416,0.13011381030082703,2e-05,21.74148410229719,0.05488300130522902,0.04599502017869796
42,condition_b,step_63,layer_1,0.011750100180506706,0.00853127520531416,0.13011381030082703,2e-05,16.45862295510132,0.11265048679550517,0.06075842448836535
42,condition_b,step_63,layer_2,0.011750100180506706,0.00853127520531416,0.13011381030082703,2e-05,15.865031900735815,0.136913877041231,0.06303170433295002
42,condition_b,step_63,layer_3,0.011750100180506706,0.00853127520531416,0.13011381030082703,2e-05,14.453963371773305,0.21491528818367142,0.06918517601565732
42,condition_b,step_63,layer_4,0.011750100180506706,0.00853127520531416,0.13011381030082703,2e-05,9.602016075645937,0.26172285274345414,0.10414479543898587
42,condition_b,step_63,layer_5,0.011750100180506706,0.00853127520531416,0.13011381030082703,2e-05,6.129172611847825,0.3659916381908411,0.1631541585347063
42,condition_b,step_63,layer_6,0.011750100180506706,0.00853127520531416,0.13011381030082703,2e-05,5.443665612553757,0.3603731057621209,0.18369974777544712
42,condition_b,step_66,layer_0,0.010129046626389027,0.00785822980105877,0.1219932958483696,2e-05,21.74148410229719,0.05488300130522902,0.04599502017869796
42,condition_b,step_66,layer_1,0.010129046626389027,0.00785822980105877,0.1219932958483696,2e-05,16.45862295510132,0.11265048679550517,0.06075842448836535
42,condition_b,step_66,layer_2,0.010129046626389027,0.00785822980105877,0.1219932958483696,2e-05,15.865031900735815,0.136913877041231,0.06303170433295002
42,condition_b,step_66,layer_3,0.010129046626389027,0.00785822980105877,0.1219932958483696,2e-05,14.453963371773305,0.21491528818367142,0.06918517601565732
42,condition_b,step_66,layer_4,0.010129046626389027,0.00785822980105877,0.1219932958483696,2e-05,9.583212244365233,0.2617199224459125,0.10434914457706841
42,condition_b,step_66,layer_5,0.010129046626389027,0.00785822980105877,0.1219932958483696,2e-05,6.147574431487668,0.3698964373072518,0.16266578162568213
42,condition_b,step_66,layer_6,0.010129046626389027,0.00785822980105877,0.1219932958483696,2e-05,5.450133007579773,0.3614936429126699,0.1834817606486392
42,condition_b,step_69,layer_0,0.010429760441184044,0.007300385273993015,0.12030094861984253,2e-05,21.74148410229719,0.05488300130522902,0.04599502017869796
42,condition_b,step_69,layer_1,0.010429760441184044,0.007300385273993015,0.12030094861984253,2e-05,16.45862295510132,0.11265048679550517,0.06075842448836535
42,condition_b,step_69,layer_2,0.010429760441184044,0.007300385273993015,0.12030094861984253,2e-05,15.865031900735815,0.136913877041231,0.06303170433295002
42,condition_b,step_69,layer_3,0.010429760441184044,0.007300385273993015,0.12030094861984253,2e-05,14.453963371773305,0.21491528818367142,0.06918517601565732
42,condition_b,step_69,layer_4,0.010429760441184044,0.007300385273993015,0.12030094861984253,2e-05,9.566018777915707,0.2617197899350977,0.10453669632225886
42,condition_b,step_69,layer_5,0.010429760441184044,0.007300385273993015,0.12030094861984253,2e-05,6.166749750935969,0.37351027049445945,0.16215997736055746
42,condition_b,step_69,layer_6,0.010429760441184044,0.007300385273993015,0.12030094861984253,2e-05,5.458105819089575,0.3625238571036656,0.18321374358527964
42,condition_b,step_72,layer_0,0.008914907462894917,0.006829810328781605,0.10129468888044357,2e-05,21.74148410229719,0.05488300130522902,0.04599502017869796
42,condition_b,step_72,layer_1,0.008914907462894917,0.006829810328781605,0.10129468888044357,2e-05,16.45862295510132,0.11265048679550517,0.06075842448836535
42,condition_b,step_72,layer_2,0.008914907462894917,0.006829810328781605,0.10129468888044357,2e-05,15.865031900735815,0.136913877041231,0.06303170433295002
42,condition_b,step_72,layer_3,0.008914907462894917,0.006829810328781605,0.10129468888044357,2e-05,14.453963371773305,0.21491528818367142,0.06918517601565732
42,condition_b,step_72,layer_4,0.008914907462894917,0.006829810328781605,0.10129468888044357,2e-05,9.550867919100234,0.26172259460951025,0.10470252635366857
42,condition_b,step_72,layer_5,0.008914907462894917,0.006829810328781605,0.10129468888044357,2e-05,6.187049698432518,0.3768663223726714,0.1616279242517397
42,condition_b,step_72,layer_6,0.008914907462894917,0.006829810328781605,0.10129468888044357,2e-05,5.467883560976657,0.3634265998792167,0.18288611833961274
42,condition_b,step_75,layer_0,0.008757255971431732,0.006427557673305273,0.0956752672791481,2e-05,21.74148410229719,0.05488300130522902,0.04599502017869796
42,condition_b,step_75,layer_1,0.008757255971431732,0.006427557673305273,0.0956752672791481,2e-05,16.45862295510132,0.11265048679550517,0.06075842448836535
42,condition_b,step_75,layer_2,0.008757255971431732,0.006427557673305273,0.0956752672791481,2e-05,15.865031900735815,0.136913877041231,0.06303170433295002
42,condition_b,step_75,layer_3,0.008757255971431732,0.006427557673305273,0.0956752672791481,2e-05,14.453963371773305,0.21491528818367142,0.06918517601565732
42,condition_b,step_75,layer_4,0.008757255971431732,0.006427557673305273,0.0956752672791481,2e-05,9.53768290454638,0.2617288477579324,0.10484726846216753
42,condition_b,step_75,layer_5,0.008757255971431732,0.006427557673305273,0.0956752672791481,2e-05,6.208118475647582,0.37994152040335316,0.16107940013108205
42,condition_b,step_75,layer_6,0.008757255971431732,0.006427557673305273,0.0956752672791481,2e-05,5.478921372796833,0.36422410753373063,0.18251767673926822
42,condition_b,step_78,layer_0,0.007560743484646082,0.006084440741688013,0.07884679734706879,2e-05,21.74148410229719,0.05488300130522902,0.04599502017869796
42,condition_b,step_78,layer_1,0.007560743484646082,0.006084440741688013,0.07884679734706879,2e-05,16.45862295510132,0.11265048679550517,0.06075842448836535
42,condition_b,step_78,layer_2,0.007560743484646082,0.006084440741688013,0.07884679734706879,2e-05,15.865031900735815,0.136913877041231,0.06303170433295002
42,condition_b,step_78,layer_3,0.007560743484646082,0.006084440741688013,0.07884679734706879,2e-05,14.453963371773305,0.21491528818367142,0.06918517601565732
42,condition_b,step_78,layer_4,0.007560743484646082,0.006084440741688013,0.07884679734706879,2e-05,9.526102051541022,0.26173979489674526,0.10497473096440654
42,condition_b,step_78,layer_5,0.007560743484646082,0.006084440741688013,0.07884679734706879,2e-05,6.229439599229976,0.38284603379330084,0.1605280834769809
42,condition_b,step_78,layer_6,0.007560743484646082,0.006084440741688013,0.07884679734706879,2e-05,5.490616009064139,0.364907427664469,0.18212892658112645
42,condition_b,step_81,layer_0,0.008223452605307102,0.005784228444099426,0.0966501459479332,2e-05,21.74148410229719,0.05488300130522902,0.04599502017869796
42,condition_b,step_81,layer_1,0.008223452605307102,0.005784228444099426,0.0966501459479332,2e-05,16.45862295510132,0.11265048679550517,0.06075842448836535
42,condition_b,step_81,layer_2,0.008223452605307102,0.005784228444099426,0.0966501459479332,2e-05,15.865031900735815,0.136913877041231,0.06303170433295002
42,condition_b,step_81,layer_3,0.008223452605307102,0.005784228444099426,0.0966501459479332,2e-05,14.453963371773305,0.21491528818367142,0.06918517601565732
42,condition_b,step_81,layer_4,0.008223452605307102,0.005784228444099426,0.0966501459479332,2e-05,9.51506368402315,0.2617528516185234,0.10509651151143751
42,condition_b,step_81,layer_5,0.008223452605307102,0.005784228444099426,0.0966501459479332,2e-05,6.249956447546335,0.38556684805200936,0.16000111495058322
42,condition_b,step_81,layer_6,0.008223452605307102,0.005784228444099426,0.0966501459479332,2e-05,5.501961951095272,0.36549983855196116,0.1817533470584853
42,condition_b,step_84,layer_0,0.007003244012594223,0.0055158669129014015,0.07273788005113602,2e-05,21.74148410229719,0.05488300130522902,0.04599502017869796
42,condition_b,step_84,layer_1,0.007003244012594223,0.0055158669129014015,0.07273788005113602,2e-05,16.45862295510132,0.11265048679550517,0.06075842448836535
42,condition_b,step_84,layer_2,0.007003244012594223,0.0055158669129014015,0.07273788005113602,2e-05,15.865031900735815,0.136913877041231,0.06303170433295002
42,condition_b,step_84,layer_3,0.007003244012594223,0.0055158669129014015,0.07273788005113602,2e-05,14.453963371773305,0.21491528818367142,0.06918517601565732
42,condition_b,step_84,layer_4,0.007003244012594223,0.0055158669129014015,0.07273788005113602,2e-05,9.504529698957219,0.26176803723066583,0.10521299124455512
42,condition_b,step_84,layer_5,0.007003244012594223,0.0055158669129014015,0.07273788005113602,2e-05,6.269336029936167,0.38804561968913753,0.15950652433128262
42,condition_b,step_84,layer_6,0.007003244012594223,0.0055158669129014015,0.07273788005113602,2e-05,5.512586608705881,0.3660332780305881,0.1814030456085219
42,condition_b,step_87,layer_0,0.007569882087409496,0.0052748252637684345,0.0938645601272583,2e-05,21.74148410229719,0.05488300130522902,0.04599502017869796
42,condition_b,step_87,layer_1,0.007569882087409496,0.0052748252637684345,0.0938645601272583,2e-05,16.45862295510132,0.11265048679550517,0.06075842448836535
42,condition_b,step_87,layer_2,0.007569882087409496,0.0052748252637684345,0.0938645601272583,2e-05,15.865031900735815,0.136913877041231,0.06303170433295002
42,condition_b,step_87,layer_3,0.007569882087409496,0.0052748252637684345,0.0938645601272583,2e-05,14.453963371773305,0.21491528818367142,0.06918517601565732
42,condition_b,step_87,layer_4,0.007569882087409496,0.0052748252637684345,0.0938645601272583,2e-05,9.494232789032637,0.2617835015336943,0.10532709932656807
42,condition_b,step_87,layer_5,0.007569882087409496,0.0052748252637684345,0.0938645601272583,2e-05,6.287622997748396,0.39028996536947314,0.15904261441217152
42,condition_b,step_87,layer_6,0.007569882087409496,0.0052748252637684345,0.0938645601272583,2e-05,5.5226270691536286,0.3665259473570733,0.18107324421477825
42,condition_b,step_90,layer_0,0.00660013547167182,0.005050716921687126,0.06972330808639526,2e-05,21.74148410229719,0.05488300130522902,0.04599502017869796
42,condition_b,step_90,layer_1,0.00660013547167182,0.005050716921687126,0.06972330808639526,2e-05,16.45862295510132,0.11265048679550517,0.06075842448836535
42,condition_b,step_90,layer_2,0.00660013547167182,0.005050716921687126,0.06972330808639526,2e-05,15.865031900735815,0.136913877041231,0.06303170433295002
42,condition_b,step_90,layer_3,0.00660013547167182,0.005050716921687126,0.06972330808639526,2e-05,14.453963371773305,0.21491528818367142,0.06918517601565732
42,condition_b,step_90,layer_4,0.00660013547167182,0.005050716921687126,0.06972330808639526,2e-05,9.484224822150045,0.2618018884461894,0.10543824284558694
42,condition_b,step_90,layer_5,0.00660013547167182,0.005050716921687126,0.06972330808639526,2e-05,6.3042008658033675,0.39238288725376563,0.15862438733899167
42,condition_b,step_90,layer_6,0.00660013547167182,0.005050716921687126,0.06972330808639526,2e-05,5.531400419481072,0.3669436966105198,0.1807860440690741
42,condition_b,step_93,layer_0,0.006143198348581791,0.004841512534767389,0.06770862638950348,2e-05,21.74148410229719,0.05488300130522902,0.04599502017869796
42,condition_b,step_93,layer_1,0.006143198348581791,0.004841512534767389,0.06770862638950348,2e-05,16.45862295510132,0.11265048679550517,0.06075842448836535
42,condition_b,step_93,layer_2,0.006143198348581791,0.004841512534767389,0.06770862638950348,2e-05,15.865031900735815,0.136913877041231,0.06303170433295002
42,condition_b,step_93,layer_3,0.006143198348581791,0.004841512534767389,0.06770862638950348,2e-05,14.453963371773305,0.21491528818367142,0.06918517601565732
42,condition_b,step_93,layer_4,0.006143198348581791,0.004841512534767389,0.06770862638950348,2e-05,9.474513636021406,0.2618228132508105,0.10554631492619033
42,condition_b,step_93,layer_5,0.006143198348581791,0.004841512534767389,0.06770862638950348,2e-05,6.319145956773903,0.3942818381345529,0.1582492328616077
42,condition_b,step_93,layer_6,0.006143198348581791,0.004841512534767389,0.06770862638950348,2e-05,5.538810290098154,0.36732296473277537,0.18054418686043838
42,condition_b,step_96,layer_0,0.0064602382481098175,0.004645938985049725,0.08493853360414505,2e-05,21.74148410229719,0.05488300130522902,0.04599502017869796
42,condition_b,step_96,layer_1,0.0064602382481098175,0.004645938985049725,0.08493853360414505,2e-05,16.45862295510132,0.11265048679550517,0.06075842448836535
42,condition_b,step_96,layer_2,0.0064602382481098175,0.004645938985049725,0.08493853360414505,2e-05,15.865031900735815,0.136913877041231,0.06303170433295002
42,condition_b,step_96,layer_3,0.0064602382481098175,0.004645938985049725,0.08493853360414505,2e-05,14.453963371773305,0.21491528818367142,0.06918517601565732
42,condition_b,step_96,layer_4,0.0064602382481098175,0.004645938985049725,0.08493853360414505,2e-05,9.465133712997638,0.26184711274809874,0.10565091105123932
42,condition_b,step_96,layer_5,0.0064602382481098175,0.004645938985049725,0.08493853360414505,2e-05,6.332025302212258,0.39597659639929406,0.15792735377267428
42,condition_b,step_96,layer_6,0.0064602382481098175,0.004645938985049725,0.08493853360414505,2e-05,5.544588431026148,0.3676679191939118,0.18035603768248096
42,condition_b,step_99,layer_0,0.006796864327043295,0.004461890086531639,0.08214948326349258,2e-05,21.74148410229719,0.05488300130522902,0.04599502017869796
42,condition_b,step_99,layer_1,0.006796864327043295,0.004461890086531639,0.08214948326349258,2e-05,16.45862295510132,0.11265048679550517,0.06075842448836535
42,condition_b,step_99,layer_2,0.006796864327043295,0.004461890086531639,0.08214948326349258,2e-05,15.865031900735815,0.136913877041231,0.06303170433295002
42,condition_b,step_99,layer_3,0.006796864327043295,0.004461890086531639,0.08214948326349258,2e-05,14.453963371773305,0.21491528818367142,0.06918517601565732
42,condition_b,step_99,layer_4,0.006796864327043295,0.004461890086531639,0.08214948326349258,2e-05,9.456254314622512,0.2618730363985567,0.10575011698381119
42,condition_b,step_99,layer_5,0.006796864327043295,0.004461890086531639,0.08214948326349258,2e-05,6.343332187463556,0.39748543502599004,0.1576458508631029
42,condition_b,step_99,layer_6,0.006796864327043295,0.004461890086531639,0.08214948326349258,2e-05,5.549152263870355,0.3679770202911934,0.1802077060510378
42,condition_b,step_102,layer_0,0.005713585764169693,0.004291221033781767,0.05875979736447334,2e-05,21.74148410229719,0.05488300130522902,0.04599502017869796
42,condition_b,step_102,layer_1,0.005713585764169693,0.004291221033781767,0.05875979736447334,2e-05,16.45862295510132,0.11265048679550517,0.06075842448836535
42,condition_b,step_102,layer_2,0.005713585764169693,0.004291221033781767,0.05875979736447334,2e-05,15.865031900735815,0.136913877041231,0.06303170433295002
42,condition_b,step_102,layer_3,0.005713585764169693,0.004291221033781767,0.05875979736447334,2e-05,14.453963371773305,0.21491528818367142,0.06918517601565732
42,condition_b,step_102,layer_4,0.005713585764169693,0.004291221033781767,0.05875979736447334,2e-05,9.447840729726476,0.26189908565690906,0.10584429062755284
42,condition_b,step_102,layer_5,0.005713585764169693,0.004291221033781767,0.05875979736447334,2e-05,6.352965857819387,0.3988022993539597,0.15740679587773565
42,condition_b,step_102,layer_6,0.005713585764169693,0.004291221033781767,0.05875979736447334,2e-05,5.552997577612228,0.36824347036547705,0.18008291666318302
42,condition_b,step_105,layer_0,0.005437936633825302,0.004131529480218887,0.06336364150047302,2e-05,21.74148410229719,0.05488300130522902,0.04599502017869796
42,condition_b,step_105,layer_1,0.005437936633825302,0.004131529480218887,0.06336364150047302,2e-05,16.45862295510132,0.11265048679550517,0.06075842448836535
42,condition_b,step_105,layer_2,0.005437936633825302,0.004131529480218887,0.06336364150047302,2e-05,15.865031900735815,0.136913877041231,0.06303170433295002
42,condition_b,step_105,layer_3,0.005437936633825302,0.004131529480218887,0.06336364150047302,2e-05,14.453963371773305,0.21491528818367142,0.06918517601565732
42,condition_b,step_105,layer_4,0.005437936633825302,0.004131529480218887,0.06336364150047302,2e-05,9.439574966306585,0.2619250973981971,0.10593697317616295
42,condition_b,step_105,layer_5,0.005437936633825302,0.004131529480218887,0.06336364150047302,2e-05,6.360712560639644,0.399875401447324,0.15721509036393844
42,condition_b,step_105,layer_6,0.005437936633825302,0.004131529480218887,0.06336364150047302,2e-05,5.555772561166799,0.36847768861401126,0.1799929692928222
42,condition_b,step_108,layer_0,0.005265100859105587,0.00398020027205348,0.06657741218805313,2e-05,21.74148410229719,0.05488300130522902,0.04599502017869796
42,condition_b,step_108,layer_1,0.005265100859105587,0.00398020027205348,0.06657741218805313,2e-05,16.45862295510132,0.11265048679550517,0.06075842448836535
42,condition_b,step_108,layer_2,0.005265100859105587,0.00398020027205348,0.06657741218805313,2e-05,15.865031900735815,0.136913877041231,0.06303170433295002
42,condition_b,step_108,layer_3,0.005265100859105587,0.00398020027205348,0.06657741218805313,2e-05,14.453963371773305,0.21491528818367142,0.06918517601565732
42,condition_b,step_108,layer_4,0.005265100859105587,0.00398020027205348,0.06657741218805313,2e-05,9.43157780322904,0.26195264802925144,0.10602679857633526
42,condition_b,step_108,layer_5,0.005265100859105587,0.00398020027205348,0.06657741218805313,2e-05,6.36648268697182,0.4007374649656515,0.15707260180670404
42,condition_b,step_108,layer_6,0.005265100859105587,0.00398020027205348,0.06657741218805313,2e-05,5.557441048863022,0.36867905453330624,0.17993893074305964
42,condition_b,step_111,layer_0,0.0052817389369010925,0.0038366634398698807,0.0582580529153347,2e-05,21.74148410229719,0.05488300130522902,0.04599502017869796
42,condition_b,step_111,layer_1,0.0052817389369010925,0.0038366634398698807,0.0582580529153347,2e-05,16.45862295510132,0.11265048679550517,0.06075842448836535
42,condition_b,step_111,layer_2,0.0052817389369010925,0.0038366634398698807,0.0582580529153347,2e-05,15.865031900735815,0.136913877041231,0.06303170433295002
42,condition_b,step_111,layer_3,0.0052817389369010925,0.0038366634398698807,0.0582580529153347,2e-05,14.453963371773305,0.21491528818367142,0.06918517601565732
42,condition_b,step_111,layer_4,0.0052817389369010925,0.0038366634398698807,0.0582580529153347,2e-05,9.423909807298179,0.2619801712476649,0.10611306988799574
42,condition_b,step_111,layer_5,0.0052817389369010925,0.0038366634398698807,0.0582580529153347,2e-05,6.370388461471796,0.40140829733144323,0.1569762983918508
42,condition_b,step_111,layer_6,0.0052817389369010925,0.0038366634398698807,0.0582580529153347,2e-05,5.558089188949994,0.3688568211163057,0.1799179476983015
42,condition_b,step_114,layer_0,0.005011908710002899,0.0037018293514847755,0.050787217915058136,2e-05,21.74148410229719,0.05488300130522902,0.04599502017869796
42,condition_b,step_114,layer_1,0.005011908710002899,0.0037018293514847755,0.050787217915058136,2e-05,16.45862295510132,0.11265048679550517,0.06075842448836535
42,condition_b,step_114,layer_2,0.005011908710002899,0.0037018293514847755,0.050787217915058136,2e-05,15.865031900735815,0.136913877041231,0.06303170433295002
42,condition_b,step_114,layer_3,0.005011908710002899,0.0037018293514847755,0.050787217915058136,2e-05,14.453963371773305,0.21491528818367142,0.06918517601565732
42,condition_b,step_114,layer_4,0.005011908710002899,0.0037018293514847755,0.050787217915058136,2e-05,9.416679011178829,0.26200713701094663,0.10619455105275111
42,condition_b,step_114,layer_5,0.005011908710002899,0.0037018293514847755,0.050787217915058136,2e-05,6.372744220905209,0.40193869017024003,0.15691827026724073
42,condition_b,step_114,layer_6,0.005011908710002899,0.0037018293514847755,0.050787217915058136,2e-05,5.557896572795513,0.36899330145691156,0.17992418298943258
42,condition_b,step_117,layer_0,0.005040328949689865,0.0035745257046073675,0.05806209519505501,2e-05,21.74148410229719,0.05488300130522902,0.04599502017869796
42,condition_b,step_117,layer_1,0.005040328949689865,0.0035745257046073675,0.05806209519505501,2e-05,16.45862295510132,0.11265048679550517,0.06075842448836535
42,condition_b,step_117,layer_2,0.005040328949689865,0.0035745257046073675,0.05806209519505501,2e-05,15.865031900735815,0.136913877041231,0.06303170433295002
42,condition_b,step_117,layer_3,0.005040328949689865,0.0035745257046073675,0.05806209519505501,2e-05,14.453963371773305,0.21491528818367142,0.06918517601565732
42,condition_b,step_117,layer_4,0.005040328949689865,0.0035745257046073675,0.05806209519505501,2e-05,9.409897165781748,0.26203422962655076,0.1062710869611212
42,condition_b,step_117,layer_5,0.005040328949689865,0.0035745257046073675,0.05806209519505501,2e-05,6.373398626712751,0.4022775148025886,0.15690215826273782
42,condition_b,step_117,layer_6,0.005040328949689865,0.0035745257046073675,0.05806209519505501,2e-05,5.556721439570149,0.36910881756899666,0.17996223328361716
42,condition_b,step_120,layer_0,0.004719957243651152,0.003453122917562723,0.05207281559705734,2e-05,21.74148410229719,0.05488300130522902,0.04599502017869796
42,condition_b,step_120,layer_1,0.004719957243651152,0.003453122917562723,0.05207281559705734,2e-05,16.45862295510132,0.11265048679550517,0.06075842448836535
42,condition_b,step_120,layer_2,0.004719957243651152,0.003453122917562723,0.05207281559705734,2e-05,15.865031900735815,0.136913877041231,0.06303170433295002
42,condition_b,step_120,layer_3,0.004719957243651152,0.003453122917562723,0.05207281559705734,2e-05,14.453963371773305,0.21491528818367142,0.06918517601565732
42,condition_b,step_120,layer_4,0.004719957243651152,0.003453122917562723,0.05207281559705734,2e-05,9.403068346694686,0.26206193414573964,0.10634826453766173
42,condition_b,step_120,layer_5,0.004719957243651152,0.003453122917562723,0.05207281559705734,2e-05,6.372034994334085,0.402414665625722,0.15693573574049494
42,condition_b,step_120,layer_6,0.004719957243651152,0.003453122917562723,0.05207281559705734,2e-05,5.554237776906739,0.36921090623463054,0.18004270615812906
